{"resourceType":"ValueSet","id":"claim-error-codes","text":{"status":"generated","div":"<div xmlns=\"http://www.w3.org/1999/xhtml\"><p>This value set contains 65 concepts</p><table class=\"codes\"><tr><td style=\"white-space:nowrap\"><b>Code</b></td><td><b>System</b></td><td><b>Display</b></td></tr><tr><td style=\"white-space:nowrap\"><a name=\"http---hcxprotocol.io-codes-claim-error-codes-ELIG-001\"> </a>\u00a0\u00a0ELIG-001</td><td>http://hcxprotocol.io/codes/claim-error-codes</td><td>Patient is not a covered member</td></tr><tr><td style=\"white-space:nowrap\"><a name=\"http---hcxprotocol.io-codes-claim-error-codes-ELIG-005\"> </a>\u00a0\u00a0ELIG-005</td><td>http://hcxprotocol.io/codes/claim-error-codes</td><td>Services performed after the last date of coverage</td></tr><tr><td style=\"white-space:nowrap\"><a name=\"http---hcxprotocol.io-codes-claim-error-codes-ELIG-006\"> </a>\u00a0\u00a0ELIG-006</td><td>http://hcxprotocol.io/codes/claim-error-codes</td><td>Services performed prior to the effective date of coverage</td></tr><tr><td style=\"white-space:nowrap\"><a name=\"http---hcxprotocol.io-codes-claim-error-codes-ELIG-007\"> </a>\u00a0\u00a0ELIG-007</td><td>http://hcxprotocol.io/codes/claim-error-codes</td><td>Services performed by a non-network provider</td></tr><tr><td style=\"white-space:nowrap\"><a name=\"http---hcxprotocol.io-codes-claim-error-codes-AUTH-001\"> </a>\u00a0\u00a0AUTH-001</td><td>http://hcxprotocol.io/codes/claim-error-codes</td><td>Prior approval is required and was not obtained</td></tr><tr><td style=\"white-space:nowrap\"><a name=\"http---hcxprotocol.io-codes-claim-error-codes-AUTH-003\"> </a>\u00a0\u00a0AUTH-003</td><td>http://hcxprotocol.io/codes/claim-error-codes</td><td>PriorAuthorizationNumber is invalid</td></tr><tr><td style=\"white-space:nowrap\"><a name=\"http---hcxprotocol.io-codes-claim-error-codes-AUTH-004\"> </a>\u00a0\u00a0AUTH-004</td><td>http://hcxprotocol.io/codes/claim-error-codes</td><td>Service(s) is (are) performed outside authorization validity date</td></tr><tr><td style=\"white-space:nowrap\"><a name=\"http---hcxprotocol.io-codes-claim-error-codes-AUTH-005\"> </a>\u00a0\u00a0AUTH-005</td><td>http://hcxprotocol.io/codes/claim-error-codes</td><td>Claim information is inconsistent with pre-certified/authorized services</td></tr><tr><td style=\"white-space:nowrap\"><a name=\"http---hcxprotocol.io-codes-claim-error-codes-AUTH-006\"> </a>\u00a0\u00a0AUTH-006</td><td>http://hcxprotocol.io/codes/claim-error-codes</td><td>Alert drug - drug interaction or drug is contra-indicated</td></tr><tr><td style=\"white-space:nowrap\"><a name=\"http---hcxprotocol.io-codes-claim-error-codes-AUTH-007\"> </a>\u00a0\u00a0AUTH-007</td><td>http://hcxprotocol.io/codes/claim-error-codes</td><td>Drug duplicate therapy</td></tr><tr><td style=\"white-space:nowrap\"><a name=\"http---hcxprotocol.io-codes-claim-error-codes-AUTH-008\"> </a>\u00a0\u00a0AUTH-008</td><td>http://hcxprotocol.io/codes/claim-error-codes</td><td>Inappropriate drug dose</td></tr><tr><td style=\"white-space:nowrap\"><a name=\"http---hcxprotocol.io-codes-claim-error-codes-AUTH-009\"> </a>\u00a0\u00a0AUTH-009</td><td>http://hcxprotocol.io/codes/claim-error-codes</td><td>Prescription out of date</td></tr><tr><td style=\"white-space:nowrap\"><a name=\"http---hcxprotocol.io-codes-claim-error-codes-AUTH-010\"> </a>\u00a0\u00a0AUTH-010</td><td>http://hcxprotocol.io/codes/claim-error-codes</td><td>Authorization request overlaps or is within the period of another paid claim or approved authorization</td></tr><tr><td style=\"white-space:nowrap\"><a name=\"http---hcxprotocol.io-codes-claim-error-codes-AUTH-011\"> </a>\u00a0\u00a0AUTH-011</td><td>http://hcxprotocol.io/codes/claim-error-codes</td><td>Waiting period on pre-existing / specific conditions</td></tr><tr><td style=\"white-space:nowrap\"><a name=\"http---hcxprotocol.io-codes-claim-error-codes-AUTH-012\"> </a>\u00a0\u00a0AUTH-012</td><td>http://hcxprotocol.io/codes/claim-error-codes</td><td>Request for information</td></tr><tr><td style=\"white-space:nowrap\"><a name=\"http---hcxprotocol.io-codes-claim-error-codes-BENX-002\"> </a>\u00a0\u00a0BENX-002</td><td>http://hcxprotocol.io/codes/claim-error-codes</td><td>Benefit maximum for this time period or occurrence has been reached</td></tr><tr><td style=\"white-space:nowrap\"><a name=\"http---hcxprotocol.io-codes-claim-error-codes-BENX-005\"> </a>\u00a0\u00a0BENX-005</td><td>http://hcxprotocol.io/codes/claim-error-codes</td><td>Annual limit/sublimit amount exceeded</td></tr><tr><td style=\"white-space:nowrap\"><a name=\"http---hcxprotocol.io-codes-claim-error-codes-CLAI-007\"> </a>\u00a0\u00a0CLAI-007</td><td>http://hcxprotocol.io/codes/claim-error-codes</td><td>Claim is a work-related injury/illness and thus the liability of the employer</td></tr><tr><td style=\"white-space:nowrap\"><a name=\"http---hcxprotocol.io-codes-claim-error-codes-CLAI-008\"> </a>\u00a0\u00a0CLAI-008</td><td>http://hcxprotocol.io/codes/claim-error-codes</td><td>Claim overlaps inpatient stay. Resubmit only those services rendered outside the inpatient stay</td></tr><tr><td style=\"white-space:nowrap\"><a name=\"http---hcxprotocol.io-codes-claim-error-codes-CLAI-009\"> </a>\u00a0\u00a0CLAI-009</td><td>http://hcxprotocol.io/codes/claim-error-codes</td><td>Date of birth follows the date of service</td></tr><tr><td style=\"white-space:nowrap\"><a name=\"http---hcxprotocol.io-codes-claim-error-codes-CLAI-010\"> </a>\u00a0\u00a0CLAI-010</td><td>http://hcxprotocol.io/codes/claim-error-codes</td><td>Date of death precedes the date of service</td></tr><tr><td style=\"white-space:nowrap\"><a name=\"http---hcxprotocol.io-codes-claim-error-codes-CLAI-011\"> </a>\u00a0\u00a0CLAI-011</td><td>http://hcxprotocol.io/codes/claim-error-codes</td><td>Inpatient admission spans multiple rate periods. Resubmit separate claims</td></tr><tr><td style=\"white-space:nowrap\"><a name=\"http---hcxprotocol.io-codes-claim-error-codes-CLAI-012\"> </a>\u00a0\u00a0CLAI-012</td><td>http://hcxprotocol.io/codes/claim-error-codes</td><td>Submission not compliant with contractual agreement between provider &amp; payer</td></tr><tr><td style=\"white-space:nowrap\"><a name=\"http---hcxprotocol.io-codes-claim-error-codes-CLAI-014\"> </a>\u00a0\u00a0CLAI-014</td><td>http://hcxprotocol.io/codes/claim-error-codes</td><td>Claim not compliant with Resubmission type (used only for resubmissions)</td></tr><tr><td style=\"white-space:nowrap\"><a name=\"http---hcxprotocol.io-codes-claim-error-codes-CLAI-017\"> </a>\u00a0\u00a0CLAI-017</td><td>http://hcxprotocol.io/codes/claim-error-codes</td><td>Services not available on direct billing</td></tr><tr><td style=\"white-space:nowrap\"><a name=\"http---hcxprotocol.io-codes-claim-error-codes-CLAI-018\"> </a>\u00a0\u00a0CLAI-018</td><td>http://hcxprotocol.io/codes/claim-error-codes</td><td>Claims Recalled By Provider</td></tr><tr><td style=\"white-space:nowrap\"><a name=\"http---hcxprotocol.io-codes-claim-error-codes-CODE-010\"> </a>\u00a0\u00a0CODE-010</td><td>http://hcxprotocol.io/codes/claim-error-codes</td><td>Activity/diagnosis inconsistent with clinician specialty</td></tr><tr><td style=\"white-space:nowrap\"><a name=\"http---hcxprotocol.io-codes-claim-error-codes-CODE-012\"> </a>\u00a0\u00a0CODE-012</td><td>http://hcxprotocol.io/codes/claim-error-codes</td><td>Encounter type inconsistent with service(s) / diagnosis</td></tr><tr><td style=\"white-space:nowrap\"><a name=\"http---hcxprotocol.io-codes-claim-error-codes-CODE-013\"> </a>\u00a0\u00a0CODE-013</td><td>http://hcxprotocol.io/codes/claim-error-codes</td><td>Invalid principal diagnosis</td></tr><tr><td style=\"white-space:nowrap\"><a name=\"http---hcxprotocol.io-codes-claim-error-codes-CODE-014\"> </a>\u00a0\u00a0CODE-014</td><td>http://hcxprotocol.io/codes/claim-error-codes</td><td>Activity/diagnosis is inconsistent with the patient's age/gender</td></tr><tr><td style=\"white-space:nowrap\"><a name=\"http---hcxprotocol.io-codes-claim-error-codes-CODE-015\"> </a>\u00a0\u00a0CODE-015</td><td>http://hcxprotocol.io/codes/claim-error-codes</td><td>Activity/diagnosis is inconsistent with the provider type</td></tr><tr><td style=\"white-space:nowrap\"><a name=\"http---hcxprotocol.io-codes-claim-error-codes-DUPL-001\"> </a>\u00a0\u00a0DUPL-001</td><td>http://hcxprotocol.io/codes/claim-error-codes</td><td>Claim is a duplicate based on service codes and dates</td></tr><tr><td style=\"white-space:nowrap\"><a name=\"http---hcxprotocol.io-codes-claim-error-codes-DUPL-002\"> </a>\u00a0\u00a0DUPL-002</td><td>http://hcxprotocol.io/codes/claim-error-codes</td><td>Payment already made for same/similar service within set time frame</td></tr><tr><td style=\"white-space:nowrap\"><a name=\"http---hcxprotocol.io-codes-claim-error-codes-MNEC-003\"> </a>\u00a0\u00a0MNEC-003</td><td>http://hcxprotocol.io/codes/claim-error-codes</td><td>Service is not clinically indicated based on good clinical practice</td></tr><tr><td style=\"white-space:nowrap\"><a name=\"http---hcxprotocol.io-codes-claim-error-codes-MNEC-004\"> </a>\u00a0\u00a0MNEC-004</td><td>http://hcxprotocol.io/codes/claim-error-codes</td><td>Service is not clinically indicated based on good clinical practice, without additional supporting diagnoses/activities</td></tr><tr><td style=\"white-space:nowrap\"><a name=\"http---hcxprotocol.io-codes-claim-error-codes-MNEC-005\"> </a>\u00a0\u00a0MNEC-005</td><td>http://hcxprotocol.io/codes/claim-error-codes</td><td>Service/supply may be appropriate, but too frequent</td></tr><tr><td style=\"white-space:nowrap\"><a name=\"http---hcxprotocol.io-codes-claim-error-codes-MNEC-006\"> </a>\u00a0\u00a0MNEC-006</td><td>http://hcxprotocol.io/codes/claim-error-codes</td><td>Alternative service should have been utilized</td></tr><tr><td style=\"white-space:nowrap\"><a name=\"http---hcxprotocol.io-codes-claim-error-codes-NCOV-001\"> </a>\u00a0\u00a0NCOV-001</td><td>http://hcxprotocol.io/codes/claim-error-codes</td><td>Diagnosis(es) is (are) not covered</td></tr><tr><td style=\"white-space:nowrap\"><a name=\"http---hcxprotocol.io-codes-claim-error-codes-NCOV-002\"> </a>\u00a0\u00a0NCOV-002</td><td>http://hcxprotocol.io/codes/claim-error-codes</td><td>Pre-existing conditions are not covered</td></tr><tr><td style=\"white-space:nowrap\"><a name=\"http---hcxprotocol.io-codes-claim-error-codes-NCOV-003\"> </a>\u00a0\u00a0NCOV-003</td><td>http://hcxprotocol.io/codes/claim-error-codes</td><td>Service(s) is (are) not covered</td></tr><tr><td style=\"white-space:nowrap\"><a name=\"http---hcxprotocol.io-codes-claim-error-codes-NCOV-025\"> </a>\u00a0\u00a0NCOV-025</td><td>http://hcxprotocol.io/codes/claim-error-codes</td><td>Service(s) is (are) not performed (used after audit)</td></tr><tr><td style=\"white-space:nowrap\"><a name=\"http---hcxprotocol.io-codes-claim-error-codes-PRCE-001\"> </a>\u00a0\u00a0PRCE-001</td><td>http://hcxprotocol.io/codes/claim-error-codes</td><td>Calculation discrepancy</td></tr><tr><td style=\"white-space:nowrap\"><a name=\"http---hcxprotocol.io-codes-claim-error-codes-PRCE-002\"> </a>\u00a0\u00a0PRCE-002</td><td>http://hcxprotocol.io/codes/claim-error-codes</td><td>Payment is included in the allowance for another service</td></tr><tr><td style=\"white-space:nowrap\"><a name=\"http---hcxprotocol.io-codes-claim-error-codes-PRCE-003\"> </a>\u00a0\u00a0PRCE-003</td><td>http://hcxprotocol.io/codes/claim-error-codes</td><td>Recovery of Payment</td></tr><tr><td style=\"white-space:nowrap\"><a name=\"http---hcxprotocol.io-codes-claim-error-codes-PRCE-006\"> </a>\u00a0\u00a0PRCE-006</td><td>http://hcxprotocol.io/codes/claim-error-codes</td><td>Consultation within free follow up period</td></tr><tr><td style=\"white-space:nowrap\"><a name=\"http---hcxprotocol.io-codes-claim-error-codes-PRCE-007\"> </a>\u00a0\u00a0PRCE-007</td><td>http://hcxprotocol.io/codes/claim-error-codes</td><td>Service has no contract price</td></tr><tr><td style=\"white-space:nowrap\"><a name=\"http---hcxprotocol.io-codes-claim-error-codes-PRCE-008\"> </a>\u00a0\u00a0PRCE-008</td><td>http://hcxprotocol.io/codes/claim-error-codes</td><td>Multiple procedure payment rules incorrectly applied</td></tr><tr><td style=\"white-space:nowrap\"><a name=\"http---hcxprotocol.io-codes-claim-error-codes-PRCE-009\"> </a>\u00a0\u00a0PRCE-009</td><td>http://hcxprotocol.io/codes/claim-error-codes</td><td>Charges inconsistent with clinician specialty</td></tr><tr><td style=\"white-space:nowrap\"><a name=\"http---hcxprotocol.io-codes-claim-error-codes-PRCE-010\"> </a>\u00a0\u00a0PRCE-010</td><td>http://hcxprotocol.io/codes/claim-error-codes</td><td>Use bundled code</td></tr><tr><td style=\"white-space:nowrap\"><a name=\"http---hcxprotocol.io-codes-claim-error-codes-PRCE-011\"> </a>\u00a0\u00a0PRCE-011</td><td>http://hcxprotocol.io/codes/claim-error-codes</td><td>Discount discrepancy</td></tr><tr><td style=\"white-space:nowrap\"><a name=\"http---hcxprotocol.io-codes-claim-error-codes-TIME-001\"> </a>\u00a0\u00a0TIME-001</td><td>http://hcxprotocol.io/codes/claim-error-codes</td><td>Time limit for submission has expired</td></tr><tr><td style=\"white-space:nowrap\"><a name=\"http---hcxprotocol.io-codes-claim-error-codes-TIME-002\"> </a>\u00a0\u00a0TIME-002</td><td>http://hcxprotocol.io/codes/claim-error-codes</td><td>Requested additional information was not received or was not received within time limit</td></tr><tr><td style=\"white-space:nowrap\"><a name=\"http---hcxprotocol.io-codes-claim-error-codes-TIME-003\"> </a>\u00a0\u00a0TIME-003</td><td>http://hcxprotocol.io/codes/claim-error-codes</td><td>Appeal procedures not followed or time limits not met</td></tr><tr><td style=\"white-space:nowrap\"><a name=\"http---hcxprotocol.io-codes-claim-error-codes-COPY-001\"> </a>\u00a0\u00a0COPY-001</td><td>http://hcxprotocol.io/codes/claim-error-codes</td><td>Deductible/co-pay not collected from member</td></tr><tr><td style=\"white-space:nowrap\"><a name=\"http---hcxprotocol.io-codes-claim-error-codes-SURC-001\"> </a>\u00a0\u00a0SURC-001</td><td>http://hcxprotocol.io/codes/claim-error-codes</td><td>Severe drug - drug interaction</td></tr><tr><td style=\"white-space:nowrap\"><a name=\"http---hcxprotocol.io-codes-claim-error-codes-SURC-002\"> </a>\u00a0\u00a0SURC-002</td><td>http://hcxprotocol.io/codes/claim-error-codes</td><td>Severe drug - age contraindication</td></tr><tr><td style=\"white-space:nowrap\"><a name=\"http---hcxprotocol.io-codes-claim-error-codes-SURC-003\"> </a>\u00a0\u00a0SURC-003</td><td>http://hcxprotocol.io/codes/claim-error-codes</td><td>Severe drug - gender contraindication</td></tr><tr><td style=\"white-space:nowrap\"><a name=\"http---hcxprotocol.io-codes-claim-error-codes-SURC-004\"> </a>\u00a0\u00a0SURC-004</td><td>http://hcxprotocol.io/codes/claim-error-codes</td><td>Severe drug - diaganosis contraindication</td></tr><tr><td style=\"white-space:nowrap\"><a name=\"http---hcxprotocol.io-codes-claim-error-codes-SURC-005\"> </a>\u00a0\u00a0SURC-005</td><td>http://hcxprotocol.io/codes/claim-error-codes</td><td>Severe procedure\\service - diagnosis contraindication</td></tr><tr><td style=\"white-space:nowrap\"><a name=\"http---hcxprotocol.io-codes-claim-error-codes-SURC-006\"> </a>\u00a0\u00a0SURC-006</td><td>http://hcxprotocol.io/codes/claim-error-codes</td><td>Severe procedure\\service - drug contraindication</td></tr><tr><td style=\"white-space:nowrap\"><a name=\"http---hcxprotocol.io-codes-claim-error-codes-SURC-007\"> </a>\u00a0\u00a0SURC-007</td><td>http://hcxprotocol.io/codes/claim-error-codes</td><td>Severe procedure\\service - procedure contraindication</td></tr><tr><td style=\"white-space:nowrap\"><a name=\"http---hcxprotocol.io-codes-claim-error-codes-SURC-008\"> </a>\u00a0\u00a0SURC-008</td><td>http://hcxprotocol.io/codes/claim-error-codes</td><td>Serious safety issue with drug dose</td></tr><tr><td style=\"white-space:nowrap\"><a name=\"http---hcxprotocol.io-codes-claim-error-codes-WRNG-001\"> </a>\u00a0\u00a0WRNG-001</td><td>http://hcxprotocol.io/codes/claim-error-codes</td><td>Wrong submission, receiver is not responsible for the payer within this transaction submission.</td></tr><tr><td style=\"white-space:nowrap\"><a name=\"http---hcxprotocol.io-codes-claim-error-codes-CLAI-019\"> </a>\u00a0\u00a0CLAI-019</td><td>http://hcxprotocol.io/codes/claim-error-codes</td><td>Wrong IR-DRG code</td></tr><tr><td style=\"white-space:nowrap\"><a name=\"http---hcxprotocol.io-codes-claim-error-codes-CLAI-020\"> </a>\u00a0\u00a0CLAI-020</td><td>http://hcxprotocol.io/codes/claim-error-codes</td><td>Missing IR-DRG code</td></tr></table></div>"},"url":"https://ig.hcxprotocol.io/v0.8/ValueSet-claim-error-codes.html","version":"0.8.0","name":"ClaimErrorCodes","status":"active","date":"2022-08-01","publisher":"HCX Open Community","contact":[{"name":"HCX Open Community","telecom":[{"system":"url","value":"http://hcxprotocol.io/"}]}],"description":"This is the value set for claim error codes","expansion":{"timestamp":"2022-08-01T08:15:30+05:30","contains":[{"system":"http://hcxprotocol.io/codes/claim-error-codes","code":"ELIG-001","display":"Patient is not a covered member"},{"system":"http://hcxprotocol.io/codes/claim-error-codes","code":"ELIG-005","display":"Services performed after the last date of coverage"},{"system":"http://hcxprotocol.io/codes/claim-error-codes","code":"ELIG-006","display":"Services performed prior to the effective date of coverage"},{"system":"http://hcxprotocol.io/codes/claim-error-codes","code":"ELIG-007","display":"Services performed by a non-network provider"},{"system":"http://hcxprotocol.io/codes/claim-error-codes","code":"AUTH-001","display":"Prior approval is required and was not obtained"},{"system":"http://hcxprotocol.io/codes/claim-error-codes","code":"AUTH-003","display":"PriorAuthorizationNumber is invalid"},{"system":"http://hcxprotocol.io/codes/claim-error-codes","code":"AUTH-004","display":"Service(s) is (are) performed outside authorization validity date"},{"system":"http://hcxprotocol.io/codes/claim-error-codes","code":"AUTH-005","display":"Claim information is inconsistent with pre-certified/authorized services"},{"system":"http://hcxprotocol.io/codes/claim-error-codes","code":"AUTH-006","display":"Alert drug - drug interaction or drug is contra-indicated"},{"system":"http://hcxprotocol.io/codes/claim-error-codes","code":"AUTH-007","display":"Drug duplicate therapy"},{"system":"http://hcxprotocol.io/codes/claim-error-codes","code":"AUTH-008","display":"Inappropriate drug dose"},{"system":"http://hcxprotocol.io/codes/claim-error-codes","code":"AUTH-009","display":"Prescription out of date"},{"system":"http://hcxprotocol.io/codes/claim-error-codes","code":"AUTH-010","display":"Authorization request overlaps or is within the period of another paid claim or approved authorization"},{"system":"http://hcxprotocol.io/codes/claim-error-codes","code":"AUTH-011","display":"Waiting period on pre-existing / specific conditions"},{"system":"http://hcxprotocol.io/codes/claim-error-codes","code":"AUTH-012","display":"Request for information"},{"system":"http://hcxprotocol.io/codes/claim-error-codes","code":"BENX-002","display":"Benefit maximum for this time period or occurrence has been reached"},{"system":"http://hcxprotocol.io/codes/claim-error-codes","code":"BENX-005","display":"Annual limit/sublimit amount exceeded"},{"system":"http://hcxprotocol.io/codes/claim-error-codes","code":"CLAI-007","display":"Claim is a work-related injury/illness and thus the liability of the employer"},{"system":"http://hcxprotocol.io/codes/claim-error-codes","code":"CLAI-008","display":"Claim overlaps inpatient stay. Resubmit only those services rendered outside the inpatient stay"},{"system":"http://hcxprotocol.io/codes/claim-error-codes","code":"CLAI-009","display":"Date of birth follows the date of service"},{"system":"http://hcxprotocol.io/codes/claim-error-codes","code":"CLAI-010","display":"Date of death precedes the date of service"},{"system":"http://hcxprotocol.io/codes/claim-error-codes","code":"CLAI-011","display":"Inpatient admission spans multiple rate periods. Resubmit separate claims"},{"system":"http://hcxprotocol.io/codes/claim-error-codes","code":"CLAI-012","display":"Submission not compliant with contractual agreement between provider & payer"},{"system":"http://hcxprotocol.io/codes/claim-error-codes","code":"CLAI-014","display":"Claim not compliant with Resubmission type (used only for resubmissions)"},{"system":"http://hcxprotocol.io/codes/claim-error-codes","code":"CLAI-017","display":"Services not available on direct billing"},{"system":"http://hcxprotocol.io/codes/claim-error-codes","code":"CLAI-018","display":"Claims Recalled By Provider"},{"system":"http://hcxprotocol.io/codes/claim-error-codes","code":"CODE-010","display":"Activity/diagnosis inconsistent with clinician specialty"},{"system":"http://hcxprotocol.io/codes/claim-error-codes","code":"CODE-012","display":"Encounter type inconsistent with service(s) / diagnosis"},{"system":"http://hcxprotocol.io/codes/claim-error-codes","code":"CODE-013","display":"Invalid principal diagnosis"},{"system":"http://hcxprotocol.io/codes/claim-error-codes","code":"CODE-014","display":"Activity/diagnosis is inconsistent with the patient's age/gender"},{"system":"http://hcxprotocol.io/codes/claim-error-codes","code":"CODE-015","display":"Activity/diagnosis is inconsistent with the provider type"},{"system":"http://hcxprotocol.io/codes/claim-error-codes","code":"DUPL-001","display":"Claim is a duplicate based on service codes and dates"},{"system":"http://hcxprotocol.io/codes/claim-error-codes","code":"DUPL-002","display":"Payment already made for same/similar service within set time frame"},{"system":"http://hcxprotocol.io/codes/claim-error-codes","code":"MNEC-003","display":"Service is not clinically indicated based on good clinical practice"},{"system":"http://hcxprotocol.io/codes/claim-error-codes","code":"MNEC-004","display":"Service is not clinically indicated based on good clinical practice, without additional supporting diagnoses/activities"},{"system":"http://hcxprotocol.io/codes/claim-error-codes","code":"MNEC-005","display":"Service/supply may be appropriate, but too frequent"},{"system":"http://hcxprotocol.io/codes/claim-error-codes","code":"MNEC-006","display":"Alternative service should have been utilized"},{"system":"http://hcxprotocol.io/codes/claim-error-codes","code":"NCOV-001","display":"Diagnosis(es) is (are) not covered"},{"system":"http://hcxprotocol.io/codes/claim-error-codes","code":"NCOV-002","display":"Pre-existing conditions are not covered"},{"system":"http://hcxprotocol.io/codes/claim-error-codes","code":"NCOV-003","display":"Service(s) is (are) not covered"},{"system":"http://hcxprotocol.io/codes/claim-error-codes","code":"NCOV-025","display":"Service(s) is (are) not performed (used after audit)"},{"system":"http://hcxprotocol.io/codes/claim-error-codes","code":"PRCE-001","display":"Calculation discrepancy"},{"system":"http://hcxprotocol.io/codes/claim-error-codes","code":"PRCE-002","display":"Payment is included in the allowance for another service"},{"system":"http://hcxprotocol.io/codes/claim-error-codes","code":"PRCE-003","display":"Recovery of Payment"},{"system":"http://hcxprotocol.io/codes/claim-error-codes","code":"PRCE-006","display":"Consultation within free follow up period"},{"system":"http://hcxprotocol.io/codes/claim-error-codes","code":"PRCE-007","display":"Service has no contract price"},{"system":"http://hcxprotocol.io/codes/claim-error-codes","code":"PRCE-008","display":"Multiple procedure payment rules incorrectly applied"},{"system":"http://hcxprotocol.io/codes/claim-error-codes","code":"PRCE-009","display":"Charges inconsistent with clinician specialty"},{"system":"http://hcxprotocol.io/codes/claim-error-codes","code":"PRCE-010","display":"Use bundled code"},{"system":"http://hcxprotocol.io/codes/claim-error-codes","code":"PRCE-011","display":"Discount discrepancy"},{"system":"http://hcxprotocol.io/codes/claim-error-codes","code":"TIME-001","display":"Time limit for submission has expired"},{"system":"http://hcxprotocol.io/codes/claim-error-codes","code":"TIME-002","display":"Requested additional information was not received or was not received within time limit"},{"system":"http://hcxprotocol.io/codes/claim-error-codes","code":"TIME-003","display":"Appeal procedures not followed or time limits not met"},{"system":"http://hcxprotocol.io/codes/claim-error-codes","code":"COPY-001","display":"Deductible/co-pay not collected from member"},{"system":"http://hcxprotocol.io/codes/claim-error-codes","code":"SURC-001","display":"Severe drug - drug interaction"},{"system":"http://hcxprotocol.io/codes/claim-error-codes","code":"SURC-002","display":"Severe drug - age contraindication"},{"system":"http://hcxprotocol.io/codes/claim-error-codes","code":"SURC-003","display":"Severe drug - gender contraindication"},{"system":"http://hcxprotocol.io/codes/claim-error-codes","code":"SURC-004","display":"Severe drug - diaganosis contraindication"},{"system":"http://hcxprotocol.io/codes/claim-error-codes","code":"SURC-005","display":"Severe procedure\\service - diagnosis contraindication"},{"system":"http://hcxprotocol.io/codes/claim-error-codes","code":"SURC-006","display":"Severe procedure\\service - drug contraindication"},{"system":"http://hcxprotocol.io/codes/claim-error-codes","code":"SURC-007","display":"Severe procedure\\service - procedure contraindication"},{"system":"http://hcxprotocol.io/codes/claim-error-codes","code":"SURC-008","display":"Serious safety issue with drug dose"},{"system":"http://hcxprotocol.io/codes/claim-error-codes","code":"WRNG-001","display":"Wrong submission, receiver is not responsible for the payer within this transaction submission."},{"system":"http://hcxprotocol.io/codes/claim-error-codes","code":"CLAI-019","display":"Wrong IR-DRG code"},{"system":"http://hcxprotocol.io/codes/claim-error-codes","code":"CLAI-020","display":"Missing IR-DRG code"}]}}