{
  "resourceType" : "StructureDefinition",
  "id" : "HCXDiagnosticDocumentsExtension",
  "text" : {
    "status" : "extensions",
    "div" : "<div xmlns=\"http://www.w3.org/1999/xhtml\"><table border=\"0\" cellpadding=\"0\" cellspacing=\"0\" style=\"border: 0px #F0F0F0 solid; font-size: 11px; font-family: verdana; vertical-align: top;\"><tr style=\"border: 1px #F0F0F0 solid; font-size: 11px; font-family: verdana; vertical-align: top\"><th style=\"vertical-align: top; text-align : left; background-color: white; border: 0px #F0F0F0 solid; padding:0px 4px 0px 4px\" class=\"hierarchy\"><a href=\"https://build.fhir.org/ig/FHIR/ig-guidance/readingIgs.html#table-views\" title=\"The logical name of the element\">Name</a></th><th style=\"vertical-align: top; text-align : left; background-color: white; border: 0px #F0F0F0 solid; padding:0px 4px 0px 4px\" class=\"hierarchy\"><a href=\"https://build.fhir.org/ig/FHIR/ig-guidance/readingIgs.html#table-views\" title=\"Information about the use of the element\">Flags</a></th><th style=\"vertical-align: top; text-align : left; background-color: white; border: 0px #F0F0F0 solid; padding:0px 4px 0px 4px\" class=\"hierarchy\"><a href=\"https://build.fhir.org/ig/FHIR/ig-guidance/readingIgs.html#table-views\" title=\"Minimum and Maximum # of times the the element can appear in the instance\">Card.</a></th><th style=\"width: 100px\" class=\"hierarchy\"><a href=\"https://build.fhir.org/ig/FHIR/ig-guidance/readingIgs.html#table-views\" title=\"Reference to the type of the element\">Type</a></th><th style=\"vertical-align: top; text-align : left; background-color: white; border: 0px #F0F0F0 solid; padding:0px 4px 0px 4px\" class=\"hierarchy\"><a href=\"https://build.fhir.org/ig/FHIR/ig-guidance/readingIgs.html#table-views\" title=\"Additional information about the element\">Description &amp; Constraints</a><span style=\"float: right\"><a href=\"https://build.fhir.org/ig/FHIR/ig-guidance/readingIgs.html#table-views\" title=\"Legend for this format\"><img src=\"http://hl7.org/fhir/R4/help16.png\" alt=\"doco\" style=\"background-color: inherit\"/></a></span></th></tr><tr style=\"border: 0px #F0F0F0 solid; padding:0px; vertical-align: top; background-color: white\"><td style=\"vertical-align: top; text-align : left; background-color: white; border: 0px #F0F0F0 solid; padding:0px 4px 0px 4px; white-space: nowrap; background-image: url(tbl_bck1.png)\" class=\"hierarchy\"><img src=\"tbl_spacer.png\" alt=\".\" style=\"background-color: inherit\" class=\"hierarchy\"/><img src=\"icon_element.gif\" alt=\".\" style=\"background-color: white; background-color: inherit\" title=\"Element\" class=\"hierarchy\"/> <a href=\"StructureDefinition-HCXDiagnosticDocumentsExtension-definitions.html#Extension\" title=\"Extension to attach supporting Diagnostic documents.\">Extension</a><a name=\"Extension\"> </a></td><td style=\"vertical-align: top; text-align : left; background-color: white; border: 0px #F0F0F0 solid; padding:0px 4px 0px 4px\" class=\"hierarchy\"/><td style=\"vertical-align: top; text-align : left; background-color: white; border: 0px #F0F0F0 solid; padding:0px 4px 0px 4px\" class=\"hierarchy\"><span style=\"opacity: 0.5\">0</span><span style=\"opacity: 0.5\">..</span><span style=\"opacity: 0.5\">*</span></td><td style=\"vertical-align: top; text-align : left; background-color: white; border: 0px #F0F0F0 solid; padding:0px 4px 0px 4px\" class=\"hierarchy\"><a href=\"http://hl7.org/fhir/R4/extensibility.html#Extension\">Extension</a></td><td style=\"vertical-align: top; text-align : left; background-color: white; border: 0px #F0F0F0 solid; padding:0px 4px 0px 4px\" class=\"hierarchy\">Extension to attach supporting Diagnostic documents.</td></tr>\r\n<tr style=\"border: 0px #F0F0F0 solid; padding:0px; vertical-align: top; background-color: #F7F7F7\"><td style=\"vertical-align: top; text-align : left; background-color: #F7F7F7; border: 0px #F0F0F0 solid; padding:0px 4px 0px 4px; white-space: nowrap; background-image: url(tbl_bck12.png)\" class=\"hierarchy\"><img src=\"tbl_spacer.png\" alt=\".\" style=\"background-color: inherit\" class=\"hierarchy\"/><img src=\"tbl_vjoin.png\" alt=\".\" style=\"background-color: inherit\" class=\"hierarchy\"/><img src=\"icon_extension_simple.png\" alt=\".\" style=\"background-color: #F7F7F7; background-color: inherit\" title=\"Simple Extension\" class=\"hierarchy\"/> <a href=\"StructureDefinition-HCXDiagnosticDocumentsExtension-definitions.html#Extension.extension\">Slices for extension</a><a name=\"Extension.extension\"> </a></td><td style=\"vertical-align: top; text-align : left; background-color: #F7F7F7; border: 0px #F0F0F0 solid; padding:0px 4px 0px 4px\" class=\"hierarchy\"/><td style=\"vertical-align: top; text-align : left; background-color: #F7F7F7; border: 0px #F0F0F0 solid; padding:0px 4px 0px 4px\" class=\"hierarchy\"><span style=\"opacity: 0.5\">0</span><span style=\"opacity: 0.5\">..</span><span style=\"opacity: 0.5\">*</span></td><td style=\"vertical-align: top; text-align : left; background-color: #F7F7F7; border: 0px #F0F0F0 solid; padding:0px 4px 0px 4px\" class=\"hierarchy\"><a style=\"opacity: 0.5\" href=\"http://hl7.org/fhir/R4/extensibility.html#Extension\">Extension</a></td><td style=\"vertical-align: top; text-align : left; background-color: #F7F7F7; border: 0px #F0F0F0 solid; padding:0px 4px 0px 4px\" class=\"hierarchy\"><span style=\"opacity: 0.5\">Extension</span><br/><span style=\"font-weight:bold\">Slice: </span>Unordered, Open by value:url</td></tr>\r\n<tr style=\"border: 0px #F0F0F0 solid; padding:0px; vertical-align: top; background-color: white\"><td style=\"vertical-align: top; text-align : left; background-color: white; border: 0px #F0F0F0 solid; padding:0px 4px 0px 4px; white-space: nowrap; background-image: url(tbl_bck15.png)\" class=\"hierarchy\"><img src=\"tbl_spacer.png\" alt=\".\" style=\"background-color: inherit\" class=\"hierarchy\"/><img src=\"tbl_vjoin.png\" alt=\".\" style=\"background-color: inherit\" class=\"hierarchy\"/><img src=\"icon_slice_item.png\" alt=\".\" style=\"background-color: white; background-color: inherit\" title=\"Slice Item\" class=\"hierarchy\"/> <a href=\"StructureDefinition-HCXDiagnosticDocumentsExtension-definitions.html#Extension.extension:diagnosticDocumentCode\" title=\"Slice diagnosticDocumentCode: Supporting Diagnostic Documents\">extension:diagnosticDocumentCode</a><a name=\"Extension.extension\"> </a></td><td style=\"vertical-align: top; text-align : left; background-color: white; border: 0px #F0F0F0 solid; padding:0px 4px 0px 4px\" class=\"hierarchy\"/><td style=\"vertical-align: top; text-align : left; background-color: white; border: 0px #F0F0F0 solid; padding:0px 4px 0px 4px\" class=\"hierarchy\">1..<span style=\"opacity: 0.5\">*</span></td><td style=\"vertical-align: top; text-align : left; background-color: white; border: 0px #F0F0F0 solid; padding:0px 4px 0px 4px\" class=\"hierarchy\"><a style=\"opacity: 0.5\" href=\"http://hl7.org/fhir/R4/extensibility.html#Extension\">Extension</a></td><td style=\"vertical-align: top; text-align : left; background-color: white; border: 0px #F0F0F0 solid; padding:0px 4px 0px 4px\" class=\"hierarchy\">Diagnostic Documents</td></tr>\r\n<tr style=\"border: 0px #F0F0F0 solid; padding:0px; vertical-align: top; background-color: #F7F7F7\"><td style=\"vertical-align: top; text-align : left; background-color: #F7F7F7; border: 0px #F0F0F0 solid; padding:0px 4px 0px 4px; white-space: nowrap; background-image: url(tbl_bck150.png)\" class=\"hierarchy\"><img src=\"tbl_spacer.png\" alt=\".\" style=\"background-color: inherit\" class=\"hierarchy\"/><img src=\"tbl_vline.png\" alt=\".\" style=\"background-color: inherit\" class=\"hierarchy\"/><img src=\"tbl_vjoin_slice.png\" alt=\".\" style=\"background-color: inherit\" class=\"hierarchy\"/><img src=\"icon_element.gif\" alt=\".\" style=\"background-color: #F7F7F7; background-color: inherit\" title=\"Element\" class=\"hierarchy\"/> <a href=\"StructureDefinition-HCXDiagnosticDocumentsExtension-definitions.html#Extension.extension:diagnosticDocumentCode.url\">url</a><a name=\"Extension.extension.url\"> </a></td><td style=\"vertical-align: top; text-align : left; background-color: #F7F7F7; border: 0px #F0F0F0 solid; padding:0px 4px 0px 4px\" class=\"hierarchy\"/><td style=\"vertical-align: top; text-align : left; background-color: #F7F7F7; border: 0px #F0F0F0 solid; padding:0px 4px 0px 4px\" class=\"hierarchy\"><span style=\"opacity: 0.5\">1</span><span style=\"opacity: 0.5\">..</span><span style=\"opacity: 0.5\">1</span></td><td style=\"vertical-align: top; text-align : left; background-color: #F7F7F7; border: 0px #F0F0F0 solid; padding:0px 4px 0px 4px\" class=\"hierarchy\"><a style=\"opacity: 0.5\" href=\"http://hl7.org/fhir/R4/datatypes.html#uri\">uri</a></td><td style=\"vertical-align: top; text-align : left; background-color: #F7F7F7; border: 0px #F0F0F0 solid; padding:0px 4px 0px 4px\" class=\"hierarchy\"><span style=\"color: darkgreen\">&quot;ClinicalDiagnosticDocumentCode&quot;</span></td></tr>\r\n<tr style=\"border: 0px #F0F0F0 solid; padding:0px; vertical-align: top; background-color: white\"><td style=\"vertical-align: top; text-align : left; background-color: white; border: 0px #F0F0F0 solid; padding:0px 4px 0px 4px; white-space: nowrap; background-image: url(tbl_bck140.png)\" class=\"hierarchy\"><img src=\"tbl_spacer.png\" alt=\".\" style=\"background-color: inherit\" class=\"hierarchy\"/><img src=\"tbl_vline.png\" alt=\".\" style=\"background-color: inherit\" class=\"hierarchy\"/><img src=\"tbl_vjoin_end_slice.png\" alt=\".\" style=\"background-color: inherit\" class=\"hierarchy\"/><img src=\"icon_datatype.gif\" alt=\".\" style=\"background-color: white; background-color: inherit\" title=\"Data Type\" class=\"hierarchy\"/> <a href=\"StructureDefinition-HCXDiagnosticDocumentsExtension-definitions.html#Extension.extension:diagnosticDocumentCode.value[x]\" title=\"Diagnostic Document Code\">value[x]</a><a name=\"Extension.extension.value_x_\"> </a></td><td style=\"vertical-align: top; text-align : left; background-color: white; border: 0px #F0F0F0 solid; padding:0px 4px 0px 4px\" class=\"hierarchy\"/><td style=\"vertical-align: top; text-align : left; background-color: white; border: 0px #F0F0F0 solid; padding:0px 4px 0px 4px\" class=\"hierarchy\">1..<span style=\"opacity: 0.5\">1</span></td><td style=\"vertical-align: top; text-align : left; background-color: white; border: 0px #F0F0F0 solid; padding:0px 4px 0px 4px\" class=\"hierarchy\"><a href=\"http://hl7.org/fhir/R4/datatypes.html#CodeableConcept\">CodeableConcept</a></td><td style=\"vertical-align: top; text-align : left; background-color: white; border: 0px #F0F0F0 solid; padding:0px 4px 0px 4px\" class=\"hierarchy\">Diagnostic Document Code<br/><span style=\"font-weight:bold\">Binding: </span><a href=\"ValueSet-clinical-diagnostics-document-codes.html\">ClinicalDiagnosticsDocumentCodes</a> (<a href=\"http://hl7.org/fhir/R4/terminologies.html#extensible\" title=\"To be conformant, the concept in this element SHALL be from the specified value set if any of the codes within the value set can apply to the concept being communicated.  If the value set does not cover the concept (based on human review), alternate codings (or, data type allowing, text) may be included instead.\">extensible</a>)</td></tr>\r\n<tr style=\"border: 0px #F0F0F0 solid; padding:0px; vertical-align: top; background-color: #F7F7F7\"><td style=\"vertical-align: top; text-align : left; background-color: #F7F7F7; border: 0px #F0F0F0 solid; padding:0px 4px 0px 4px; white-space: nowrap; background-image: url(tbl_bck15.png)\" class=\"hierarchy\"><img src=\"tbl_spacer.png\" alt=\".\" style=\"background-color: inherit\" class=\"hierarchy\"/><img src=\"tbl_vjoin.png\" alt=\".\" style=\"background-color: inherit\" class=\"hierarchy\"/><img src=\"icon_slice_item.png\" alt=\".\" style=\"background-color: #F7F7F7; background-color: inherit\" title=\"Slice Item\" class=\"hierarchy\"/> <a href=\"StructureDefinition-HCXDiagnosticDocumentsExtension-definitions.html#Extension.extension:required\" title=\"Slice required: Indicates whether the document is required\">extension:required</a><a name=\"Extension.extension\"> </a></td><td style=\"vertical-align: top; text-align : left; background-color: #F7F7F7; border: 0px #F0F0F0 solid; padding:0px 4px 0px 4px\" class=\"hierarchy\"/><td style=\"vertical-align: top; text-align : left; background-color: #F7F7F7; border: 0px #F0F0F0 solid; padding:0px 4px 0px 4px\" class=\"hierarchy\"><span style=\"opacity: 0.5\">0</span>..1</td><td style=\"vertical-align: top; text-align : left; background-color: #F7F7F7; border: 0px #F0F0F0 solid; padding:0px 4px 0px 4px\" class=\"hierarchy\"><a style=\"opacity: 0.5\" href=\"http://hl7.org/fhir/R4/extensibility.html#Extension\">Extension</a></td><td style=\"vertical-align: top; text-align : left; background-color: #F7F7F7; border: 0px #F0F0F0 solid; padding:0px 4px 0px 4px\" class=\"hierarchy\">Required Flag</td></tr>\r\n<tr style=\"border: 0px #F0F0F0 solid; padding:0px; vertical-align: top; background-color: white\"><td style=\"vertical-align: top; text-align : left; background-color: white; border: 0px #F0F0F0 solid; padding:0px 4px 0px 4px; white-space: nowrap; background-image: url(tbl_bck150.png)\" class=\"hierarchy\"><img src=\"tbl_spacer.png\" alt=\".\" style=\"background-color: inherit\" class=\"hierarchy\"/><img src=\"tbl_vline.png\" alt=\".\" style=\"background-color: inherit\" class=\"hierarchy\"/><img src=\"tbl_vjoin_slice.png\" alt=\".\" style=\"background-color: inherit\" class=\"hierarchy\"/><img src=\"icon_element.gif\" alt=\".\" style=\"background-color: white; background-color: inherit\" title=\"Element\" class=\"hierarchy\"/> <a href=\"StructureDefinition-HCXDiagnosticDocumentsExtension-definitions.html#Extension.extension:required.url\">url</a><a name=\"Extension.extension.url\"> </a></td><td style=\"vertical-align: top; text-align : left; background-color: white; border: 0px #F0F0F0 solid; padding:0px 4px 0px 4px\" class=\"hierarchy\"/><td style=\"vertical-align: top; text-align : left; background-color: white; border: 0px #F0F0F0 solid; padding:0px 4px 0px 4px\" class=\"hierarchy\"><span style=\"opacity: 0.5\">1</span><span style=\"opacity: 0.5\">..</span><span style=\"opacity: 0.5\">1</span></td><td style=\"vertical-align: top; text-align : left; background-color: white; border: 0px #F0F0F0 solid; padding:0px 4px 0px 4px\" class=\"hierarchy\"><a style=\"opacity: 0.5\" href=\"http://hl7.org/fhir/R4/datatypes.html#uri\">uri</a></td><td style=\"vertical-align: top; text-align : left; background-color: white; border: 0px #F0F0F0 solid; padding:0px 4px 0px 4px\" class=\"hierarchy\"><span style=\"color: darkgreen\">&quot;ClinicalDiagnosticDocumentRequiredFlag&quot;</span></td></tr>\r\n<tr style=\"border: 0px #F0F0F0 solid; padding:0px; vertical-align: top; background-color: #F7F7F7\"><td style=\"vertical-align: top; text-align : left; background-color: #F7F7F7; border: 0px #F0F0F0 solid; padding:0px 4px 0px 4px; white-space: nowrap; background-image: url(tbl_bck140.png)\" class=\"hierarchy\"><img src=\"tbl_spacer.png\" alt=\".\" style=\"background-color: inherit\" class=\"hierarchy\"/><img src=\"tbl_vline.png\" alt=\".\" style=\"background-color: inherit\" class=\"hierarchy\"/><img src=\"tbl_vjoin_end_slice.png\" alt=\".\" style=\"background-color: inherit\" class=\"hierarchy\"/><img src=\"icon_primitive.png\" alt=\".\" style=\"background-color: #F7F7F7; background-color: inherit\" title=\"Primitive Data Type\" class=\"hierarchy\"/> <a href=\"StructureDefinition-HCXDiagnosticDocumentsExtension-definitions.html#Extension.extension:required.value[x]\" title=\"Document Required Flag\">value[x]</a><a name=\"Extension.extension.value_x_\"> </a></td><td style=\"vertical-align: top; text-align : left; background-color: #F7F7F7; border: 0px #F0F0F0 solid; padding:0px 4px 0px 4px\" class=\"hierarchy\"/><td style=\"vertical-align: top; text-align : left; background-color: #F7F7F7; border: 0px #F0F0F0 solid; padding:0px 4px 0px 4px\" class=\"hierarchy\">1..<span style=\"opacity: 0.5\">1</span></td><td style=\"vertical-align: top; text-align : left; background-color: #F7F7F7; border: 0px #F0F0F0 solid; padding:0px 4px 0px 4px\" class=\"hierarchy\"><a href=\"http://hl7.org/fhir/R4/datatypes.html#boolean\">boolean</a></td><td style=\"vertical-align: top; text-align : left; background-color: #F7F7F7; border: 0px #F0F0F0 solid; padding:0px 4px 0px 4px\" class=\"hierarchy\">Document Required Flag</td></tr>\r\n<tr style=\"border: 0px #F0F0F0 solid; padding:0px; vertical-align: top; background-color: white\"><td style=\"vertical-align: top; text-align : left; background-color: white; border: 0px #F0F0F0 solid; padding:0px 4px 0px 4px; white-space: nowrap; background-image: url(tbl_bck15.png)\" class=\"hierarchy\"><img src=\"tbl_spacer.png\" alt=\".\" style=\"background-color: inherit\" class=\"hierarchy\"/><img src=\"tbl_vjoin.png\" alt=\".\" style=\"background-color: inherit\" class=\"hierarchy\"/><img src=\"icon_slice_item.png\" alt=\".\" style=\"background-color: white; background-color: inherit\" title=\"Slice Item\" class=\"hierarchy\"/> <a href=\"StructureDefinition-HCXDiagnosticDocumentsExtension-definitions.html#Extension.extension:mimeType\" title=\"Slice mimeType: Indicates the mimetype\">extension:mimeType</a><a name=\"Extension.extension\"> </a></td><td style=\"vertical-align: top; text-align : left; background-color: white; border: 0px #F0F0F0 solid; padding:0px 4px 0px 4px\" class=\"hierarchy\"/><td style=\"vertical-align: top; text-align : left; background-color: white; border: 0px #F0F0F0 solid; padding:0px 4px 0px 4px\" class=\"hierarchy\"><span style=\"opacity: 0.5\">0</span>..*</td><td style=\"vertical-align: top; text-align : left; background-color: white; border: 0px #F0F0F0 solid; padding:0px 4px 0px 4px\" class=\"hierarchy\"><a style=\"opacity: 0.5\" href=\"http://hl7.org/fhir/R4/extensibility.html#Extension\">Extension</a></td><td style=\"vertical-align: top; text-align : left; background-color: white; border: 0px #F0F0F0 solid; padding:0px 4px 0px 4px\" class=\"hierarchy\">Mime type of the document<br/></td></tr>\r\n<tr style=\"border: 0px #F0F0F0 solid; padding:0px; vertical-align: top; background-color: #F7F7F7\"><td style=\"vertical-align: top; text-align : left; background-color: #F7F7F7; border: 0px #F0F0F0 solid; padding:0px 4px 0px 4px; white-space: nowrap; background-image: url(tbl_bck150.png)\" class=\"hierarchy\"><img src=\"tbl_spacer.png\" alt=\".\" style=\"background-color: inherit\" class=\"hierarchy\"/><img src=\"tbl_vline.png\" alt=\".\" style=\"background-color: inherit\" class=\"hierarchy\"/><img src=\"tbl_vjoin_slice.png\" alt=\".\" style=\"background-color: inherit\" class=\"hierarchy\"/><img src=\"icon_element.gif\" alt=\".\" style=\"background-color: #F7F7F7; background-color: inherit\" title=\"Element\" class=\"hierarchy\"/> <a href=\"StructureDefinition-HCXDiagnosticDocumentsExtension-definitions.html#Extension.extension:mimeType.url\">url</a><a name=\"Extension.extension.url\"> </a></td><td style=\"vertical-align: top; text-align : left; background-color: #F7F7F7; border: 0px #F0F0F0 solid; padding:0px 4px 0px 4px\" class=\"hierarchy\"/><td style=\"vertical-align: top; text-align : left; background-color: #F7F7F7; border: 0px #F0F0F0 solid; padding:0px 4px 0px 4px\" class=\"hierarchy\"><span style=\"opacity: 0.5\">1</span><span style=\"opacity: 0.5\">..</span><span style=\"opacity: 0.5\">1</span></td><td style=\"vertical-align: top; text-align : left; background-color: #F7F7F7; border: 0px #F0F0F0 solid; padding:0px 4px 0px 4px\" class=\"hierarchy\"><a style=\"opacity: 0.5\" href=\"http://hl7.org/fhir/R4/datatypes.html#uri\">uri</a></td><td style=\"vertical-align: top; text-align : left; background-color: #F7F7F7; border: 0px #F0F0F0 solid; padding:0px 4px 0px 4px\" class=\"hierarchy\"><span style=\"color: darkgreen\">&quot;ClinicalDiagnosticDocumentMimeType&quot;</span></td></tr>\r\n<tr style=\"border: 0px #F0F0F0 solid; padding:0px; vertical-align: top; background-color: white\"><td style=\"vertical-align: top; text-align : left; background-color: white; border: 0px #F0F0F0 solid; padding:0px 4px 0px 4px; white-space: nowrap; background-image: url(tbl_bck140.png)\" class=\"hierarchy\"><img src=\"tbl_spacer.png\" alt=\".\" style=\"background-color: inherit\" class=\"hierarchy\"/><img src=\"tbl_vline.png\" alt=\".\" style=\"background-color: inherit\" class=\"hierarchy\"/><img src=\"tbl_vjoin_end_slice.png\" alt=\".\" style=\"background-color: inherit\" class=\"hierarchy\"/><img src=\"icon_primitive.png\" alt=\".\" style=\"background-color: white; background-color: inherit\" title=\"Primitive Data Type\" class=\"hierarchy\"/> <a href=\"StructureDefinition-HCXDiagnosticDocumentsExtension-definitions.html#Extension.extension:mimeType.value[x]\" title=\"Document Mime type code\">value[x]</a><a name=\"Extension.extension.value_x_\"> </a></td><td style=\"vertical-align: top; text-align : left; background-color: white; border: 0px #F0F0F0 solid; padding:0px 4px 0px 4px\" class=\"hierarchy\"/><td style=\"vertical-align: top; text-align : left; background-color: white; border: 0px #F0F0F0 solid; padding:0px 4px 0px 4px\" class=\"hierarchy\">1..<span style=\"opacity: 0.5\">1</span></td><td style=\"vertical-align: top; text-align : left; background-color: white; border: 0px #F0F0F0 solid; padding:0px 4px 0px 4px\" class=\"hierarchy\"><a href=\"http://hl7.org/fhir/R4/datatypes.html#code\">code</a></td><td style=\"vertical-align: top; text-align : left; background-color: white; border: 0px #F0F0F0 solid; padding:0px 4px 0px 4px\" class=\"hierarchy\">Document Mime type code<br/><span style=\"font-weight:bold\">Binding: </span><a href=\"http://hl7.org/fhir/R4/valueset-mimetypes.html\">Mime Types</a> (<a href=\"http://hl7.org/fhir/R4/terminologies.html#required\" title=\"To be conformant, the concept in this element SHALL be from the specified value set.\">required</a>): The mime type of an attachment. Any valid mime type is allowed.<br/><br/></td></tr>\r\n<tr style=\"border: 0px #F0F0F0 solid; padding:0px; vertical-align: top; background-color: #F7F7F7\"><td style=\"vertical-align: top; text-align : left; background-color: #F7F7F7; border: 0px #F0F0F0 solid; padding:0px 4px 0px 4px; white-space: nowrap; background-image: url(tbl_bck15.png)\" class=\"hierarchy\"><img src=\"tbl_spacer.png\" alt=\".\" style=\"background-color: inherit\" class=\"hierarchy\"/><img src=\"tbl_vjoin.png\" alt=\".\" style=\"background-color: inherit\" class=\"hierarchy\"/><img src=\"icon_slice_item.png\" alt=\".\" style=\"background-color: #F7F7F7; background-color: inherit\" title=\"Slice Item\" class=\"hierarchy\"/> <a href=\"StructureDefinition-HCXDiagnosticDocumentsExtension-definitions.html#Extension.extension:claimUse\" title=\"Slice claimUse: Indicates which stage of the claim that the document is required\">extension:claimUse</a><a name=\"Extension.extension\"> </a></td><td style=\"vertical-align: top; text-align : left; background-color: #F7F7F7; border: 0px #F0F0F0 solid; padding:0px 4px 0px 4px\" class=\"hierarchy\"/><td style=\"vertical-align: top; text-align : left; background-color: #F7F7F7; border: 0px #F0F0F0 solid; padding:0px 4px 0px 4px\" class=\"hierarchy\"><span style=\"opacity: 0.5\">0</span>..1</td><td style=\"vertical-align: top; text-align : left; background-color: #F7F7F7; border: 0px #F0F0F0 solid; padding:0px 4px 0px 4px\" class=\"hierarchy\"><a style=\"opacity: 0.5\" href=\"http://hl7.org/fhir/R4/extensibility.html#Extension\">Extension</a></td><td style=\"vertical-align: top; text-align : left; background-color: #F7F7F7; border: 0px #F0F0F0 solid; padding:0px 4px 0px 4px\" class=\"hierarchy\">Claim use code</td></tr>\r\n<tr style=\"border: 0px #F0F0F0 solid; padding:0px; vertical-align: top; background-color: white\"><td style=\"vertical-align: top; text-align : left; background-color: white; border: 0px #F0F0F0 solid; padding:0px 4px 0px 4px; white-space: nowrap; background-image: url(tbl_bck150.png)\" class=\"hierarchy\"><img src=\"tbl_spacer.png\" alt=\".\" style=\"background-color: inherit\" class=\"hierarchy\"/><img src=\"tbl_vline.png\" alt=\".\" style=\"background-color: inherit\" class=\"hierarchy\"/><img src=\"tbl_vjoin_slice.png\" alt=\".\" style=\"background-color: inherit\" class=\"hierarchy\"/><img src=\"icon_element.gif\" alt=\".\" style=\"background-color: white; background-color: inherit\" title=\"Element\" class=\"hierarchy\"/> <a href=\"StructureDefinition-HCXDiagnosticDocumentsExtension-definitions.html#Extension.extension:claimUse.url\">url</a><a name=\"Extension.extension.url\"> </a></td><td style=\"vertical-align: top; text-align : left; background-color: white; border: 0px #F0F0F0 solid; padding:0px 4px 0px 4px\" class=\"hierarchy\"/><td style=\"vertical-align: top; text-align : left; background-color: white; border: 0px #F0F0F0 solid; padding:0px 4px 0px 4px\" class=\"hierarchy\"><span style=\"opacity: 0.5\">1</span><span style=\"opacity: 0.5\">..</span><span style=\"opacity: 0.5\">1</span></td><td style=\"vertical-align: top; text-align : left; background-color: white; border: 0px #F0F0F0 solid; padding:0px 4px 0px 4px\" class=\"hierarchy\"><a style=\"opacity: 0.5\" href=\"http://hl7.org/fhir/R4/datatypes.html#uri\">uri</a></td><td style=\"vertical-align: top; text-align : left; background-color: white; border: 0px #F0F0F0 solid; padding:0px 4px 0px 4px\" class=\"hierarchy\"><span style=\"color: darkgreen\">&quot;ClinicalDiagnosticDocumentClaimUse&quot;</span></td></tr>\r\n<tr style=\"border: 0px #F0F0F0 solid; padding:0px; vertical-align: top; background-color: #F7F7F7\"><td style=\"vertical-align: top; text-align : left; background-color: #F7F7F7; border: 0px #F0F0F0 solid; padding:0px 4px 0px 4px; white-space: nowrap; background-image: url(tbl_bck140.png)\" class=\"hierarchy\"><img src=\"tbl_spacer.png\" alt=\".\" style=\"background-color: inherit\" class=\"hierarchy\"/><img src=\"tbl_vline.png\" alt=\".\" style=\"background-color: inherit\" class=\"hierarchy\"/><img src=\"tbl_vjoin_end_slice.png\" alt=\".\" style=\"background-color: inherit\" class=\"hierarchy\"/><img src=\"icon_primitive.png\" alt=\".\" style=\"background-color: #F7F7F7; background-color: inherit\" title=\"Primitive Data Type\" class=\"hierarchy\"/> <a href=\"StructureDefinition-HCXDiagnosticDocumentsExtension-definitions.html#Extension.extension:claimUse.value[x]\" title=\"Claim use code\">value[x]</a><a name=\"Extension.extension.value_x_\"> </a></td><td style=\"vertical-align: top; text-align : left; background-color: #F7F7F7; border: 0px #F0F0F0 solid; padding:0px 4px 0px 4px\" class=\"hierarchy\"/><td style=\"vertical-align: top; text-align : left; background-color: #F7F7F7; border: 0px #F0F0F0 solid; padding:0px 4px 0px 4px\" class=\"hierarchy\">1..<span style=\"opacity: 0.5\">1</span></td><td style=\"vertical-align: top; text-align : left; background-color: #F7F7F7; border: 0px #F0F0F0 solid; padding:0px 4px 0px 4px\" class=\"hierarchy\"><a href=\"http://hl7.org/fhir/R4/datatypes.html#code\">code</a></td><td style=\"vertical-align: top; text-align : left; background-color: #F7F7F7; border: 0px #F0F0F0 solid; padding:0px 4px 0px 4px\" class=\"hierarchy\">Claim use code<br/><span style=\"font-weight:bold\">Binding: </span><a href=\"http://hl7.org/fhir/R4/valueset-claim-use.html\">Use</a> (<a href=\"http://hl7.org/fhir/R4/terminologies.html#preferred\" title=\"Instances are encouraged to draw from the specified codes for interoperability purposes but are not required to do so to be considered conformant.\">preferred</a>)</td></tr>\r\n<tr style=\"border: 0px #F0F0F0 solid; padding:0px; vertical-align: top; background-color: white\"><td style=\"vertical-align: top; text-align : left; background-color: white; border: 0px #F0F0F0 solid; padding:0px 4px 0px 4px; white-space: nowrap; background-image: url(tbl_bck15.png)\" class=\"hierarchy\"><img src=\"tbl_spacer.png\" alt=\".\" style=\"background-color: inherit\" class=\"hierarchy\"/><img src=\"tbl_vjoin.png\" alt=\".\" style=\"background-color: inherit\" class=\"hierarchy\"/><img src=\"icon_slice_item.png\" alt=\".\" style=\"background-color: white; background-color: inherit\" title=\"Slice Item\" class=\"hierarchy\"/> <a href=\"StructureDefinition-HCXDiagnosticDocumentsExtension-definitions.html#Extension.extension:documentationUrl\" title=\"Slice documentationUrl: Indicates whether the document is required\">extension:documentationUrl</a><a name=\"Extension.extension\"> </a></td><td style=\"vertical-align: top; text-align : left; background-color: white; border: 0px #F0F0F0 solid; padding:0px 4px 0px 4px\" class=\"hierarchy\"/><td style=\"vertical-align: top; text-align : left; background-color: white; border: 0px #F0F0F0 solid; padding:0px 4px 0px 4px\" class=\"hierarchy\"><span style=\"opacity: 0.5\">0</span>..1</td><td style=\"vertical-align: top; text-align : left; background-color: white; border: 0px #F0F0F0 solid; padding:0px 4px 0px 4px\" class=\"hierarchy\"><a style=\"opacity: 0.5\" href=\"http://hl7.org/fhir/R4/extensibility.html#Extension\">Extension</a></td><td style=\"vertical-align: top; text-align : left; background-color: white; border: 0px #F0F0F0 solid; padding:0px 4px 0px 4px\" class=\"hierarchy\">Required Flag</td></tr>\r\n<tr style=\"border: 0px #F0F0F0 solid; padding:0px; vertical-align: top; background-color: #F7F7F7\"><td style=\"vertical-align: top; text-align : left; background-color: #F7F7F7; border: 0px #F0F0F0 solid; padding:0px 4px 0px 4px; white-space: nowrap; background-image: url(tbl_bck150.png)\" class=\"hierarchy\"><img src=\"tbl_spacer.png\" alt=\".\" style=\"background-color: inherit\" class=\"hierarchy\"/><img src=\"tbl_vline.png\" alt=\".\" style=\"background-color: inherit\" class=\"hierarchy\"/><img src=\"tbl_vjoin_slice.png\" alt=\".\" style=\"background-color: inherit\" class=\"hierarchy\"/><img src=\"icon_element.gif\" alt=\".\" style=\"background-color: #F7F7F7; background-color: inherit\" title=\"Element\" class=\"hierarchy\"/> <a href=\"StructureDefinition-HCXDiagnosticDocumentsExtension-definitions.html#Extension.extension:documentationUrl.url\">url</a><a name=\"Extension.extension.url\"> </a></td><td style=\"vertical-align: top; text-align : left; background-color: #F7F7F7; border: 0px #F0F0F0 solid; padding:0px 4px 0px 4px\" class=\"hierarchy\"/><td style=\"vertical-align: top; text-align : left; background-color: #F7F7F7; border: 0px #F0F0F0 solid; padding:0px 4px 0px 4px\" class=\"hierarchy\"><span style=\"opacity: 0.5\">1</span><span style=\"opacity: 0.5\">..</span><span style=\"opacity: 0.5\">1</span></td><td style=\"vertical-align: top; text-align : left; background-color: #F7F7F7; border: 0px #F0F0F0 solid; padding:0px 4px 0px 4px\" class=\"hierarchy\"><a style=\"opacity: 0.5\" href=\"http://hl7.org/fhir/R4/datatypes.html#uri\">uri</a></td><td style=\"vertical-align: top; text-align : left; background-color: #F7F7F7; border: 0px #F0F0F0 solid; padding:0px 4px 0px 4px\" class=\"hierarchy\"><span style=\"color: darkgreen\">&quot;DocumentationUrl&quot;</span></td></tr>\r\n<tr style=\"border: 0px #F0F0F0 solid; padding:0px; vertical-align: top; background-color: white\"><td style=\"vertical-align: top; text-align : left; background-color: white; border: 0px #F0F0F0 solid; padding:0px 4px 0px 4px; white-space: nowrap; background-image: url(tbl_bck140.png)\" class=\"hierarchy\"><img src=\"tbl_spacer.png\" alt=\".\" style=\"background-color: inherit\" class=\"hierarchy\"/><img src=\"tbl_vline.png\" alt=\".\" style=\"background-color: inherit\" class=\"hierarchy\"/><img src=\"tbl_vjoin_end_slice.png\" alt=\".\" style=\"background-color: inherit\" class=\"hierarchy\"/><img src=\"icon_primitive.png\" alt=\".\" style=\"background-color: white; background-color: inherit\" title=\"Primitive Data Type\" class=\"hierarchy\"/> <a href=\"StructureDefinition-HCXDiagnosticDocumentsExtension-definitions.html#Extension.extension:documentationUrl.value[x]\" title=\"Documention URL\">value[x]</a><a name=\"Extension.extension.value_x_\"> </a></td><td style=\"vertical-align: top; text-align : left; background-color: white; border: 0px #F0F0F0 solid; padding:0px 4px 0px 4px\" class=\"hierarchy\"/><td style=\"vertical-align: top; text-align : left; background-color: white; border: 0px #F0F0F0 solid; padding:0px 4px 0px 4px\" class=\"hierarchy\">1..<span style=\"opacity: 0.5\">1</span></td><td style=\"vertical-align: top; text-align : left; background-color: white; border: 0px #F0F0F0 solid; padding:0px 4px 0px 4px\" class=\"hierarchy\"><a href=\"http://hl7.org/fhir/R4/datatypes.html#url\">url</a></td><td style=\"vertical-align: top; text-align : left; background-color: white; border: 0px #F0F0F0 solid; padding:0px 4px 0px 4px\" class=\"hierarchy\">Documention URL</td></tr>\r\n<tr style=\"border: 0px #F0F0F0 solid; padding:0px; vertical-align: top; background-color: #F7F7F7\"><td style=\"vertical-align: top; text-align : left; background-color: #F7F7F7; border: 0px #F0F0F0 solid; padding:0px 4px 0px 4px; white-space: nowrap; background-image: url(tbl_bck10.png)\" class=\"hierarchy\"><img src=\"tbl_spacer.png\" alt=\".\" style=\"background-color: inherit\" class=\"hierarchy\"/><img src=\"tbl_vjoin.png\" alt=\".\" style=\"background-color: inherit\" class=\"hierarchy\"/><img src=\"icon_element.gif\" alt=\".\" style=\"background-color: #F7F7F7; background-color: inherit\" title=\"Element\" class=\"hierarchy\"/> <a href=\"StructureDefinition-HCXDiagnosticDocumentsExtension-definitions.html#Extension.url\">url</a><a name=\"Extension.url\"> </a></td><td style=\"vertical-align: top; text-align : left; background-color: #F7F7F7; border: 0px #F0F0F0 solid; padding:0px 4px 0px 4px\" class=\"hierarchy\"/><td style=\"vertical-align: top; text-align : left; background-color: #F7F7F7; border: 0px #F0F0F0 solid; padding:0px 4px 0px 4px\" class=\"hierarchy\"><span style=\"opacity: 0.5\">1</span><span style=\"opacity: 0.5\">..</span><span style=\"opacity: 0.5\">1</span></td><td style=\"vertical-align: top; text-align : left; background-color: #F7F7F7; border: 0px #F0F0F0 solid; padding:0px 4px 0px 4px\" class=\"hierarchy\"><a style=\"opacity: 0.5\" href=\"http://hl7.org/fhir/R4/datatypes.html#uri\">uri</a></td><td style=\"vertical-align: top; text-align : left; background-color: #F7F7F7; border: 0px #F0F0F0 solid; padding:0px 4px 0px 4px\" class=\"hierarchy\"><span style=\"color: darkgreen\">&quot;https://ig.hcxprotocol.io/v0.8/StructureDefinition-HCXDiagnosticDocumentsExtension.html&quot;</span></td></tr>\r\n<tr style=\"border: 0px #F0F0F0 solid; padding:0px; vertical-align: top; background-color: white\"><td style=\"vertical-align: top; text-align : left; background-color: white; border: 0px #F0F0F0 solid; padding:0px 4px 0px 4px; white-space: nowrap; background-image: url(tbl_bck00.png)\" class=\"hierarchy\"><img src=\"tbl_spacer.png\" alt=\".\" style=\"background-color: inherit\" class=\"hierarchy\"/><img src=\"tbl_vjoin_end.png\" alt=\".\" style=\"background-color: inherit\" class=\"hierarchy\"/><img src=\"icon_element.gif\" alt=\".\" style=\"background-color: white; background-color: inherit\" title=\"Element\" class=\"hierarchy\"/> <span style=\"text-decoration:line-through\">value[x]</span><a name=\"Extension.value_x_\"> </a></td><td style=\"vertical-align: top; text-align : left; background-color: white; border: 0px #F0F0F0 solid; padding:0px 4px 0px 4px\" class=\"hierarchy\"/><td style=\"vertical-align: top; text-align : left; background-color: white; border: 0px #F0F0F0 solid; padding:0px 4px 0px 4px\" class=\"hierarchy\"><span style=\"text-decoration:line-through\"/><span style=\"text-decoration:line-through\">0</span><span style=\"text-decoration:line-through\">..</span><span style=\"text-decoration:line-through\">0</span></td><td style=\"vertical-align: top; text-align : left; background-color: white; border: 0px #F0F0F0 solid; padding:0px 4px 0px 4px\" class=\"hierarchy\"/><td style=\"vertical-align: top; text-align : left; background-color: white; border: 0px #F0F0F0 solid; padding:0px 4px 0px 4px\" class=\"hierarchy\"/></tr>\r\n<tr><td colspan=\"5\" class=\"hierarchy\"><br/><a href=\"https://build.fhir.org/ig/FHIR/ig-guidance/readingIgs.html#table-views\" title=\"Legend for this format\"><img src=\"http://hl7.org/fhir/R4/help16.png\" alt=\"doco\" style=\"background-color: inherit\"/> Documentation for this format</a></td></tr></table></div>"
  },
  "url" : "https://ig.hcxprotocol.io/v0.8/StructureDefinition-HCXDiagnosticDocumentsExtension.html",
  "version" : "0.8.0",
  "name" : "HCXDiagnosticDocumentsExtension",
  "title" : "HCX Diagnostic Documents Extension",
  "status" : "active",
  "date" : "2021-12-27",
  "publisher" : "HCX Open Community",
  "contact" : [{
    "name" : "HCX Open Community",
    "telecom" : [{
      "system" : "url",
      "value" : "http://hcxprotocol.io/"
    }]
  }],
  "description" : "Extension to attach supporting Diagnostic documents.",
  "purpose" : "Extension to attach supporting Diagnostic documents.",
  "copyright" : "TBD",
  "fhirVersion" : "4.0.1",
  "mapping" : [{
    "identity" : "rim",
    "uri" : "http://hl7.org/v3",
    "name" : "RIM Mapping"
  }],
  "kind" : "complex-type",
  "abstract" : false,
  "context" : [{
    "type" : "element",
    "expression" : "InsurancePlan.plan.specificCost.benefit"
  }],
  "type" : "Extension",
  "baseDefinition" : "http://hl7.org/fhir/StructureDefinition/Extension",
  "derivation" : "constraint",
  "snapshot" : {
    "element" : [{
      "id" : "Extension",
      "path" : "Extension",
      "short" : "Extension to attach supporting Diagnostic documents.",
      "definition" : "Extension to attach supporting Diagnostic documents.",
      "min" : 0,
      "max" : "*",
      "base" : {
        "path" : "Extension",
        "min" : 0,
        "max" : "*"
      },
      "condition" : ["ele-1"],
      "constraint" : [{
        "key" : "ele-1",
        "severity" : "error",
        "human" : "All FHIR elements must have a @value or children",
        "expression" : "hasValue() or (children().count() > id.count())",
        "xpath" : "@value|f:*|h:div",
        "source" : "http://hl7.org/fhir/StructureDefinition/Element"
      },
      {
        "key" : "ext-1",
        "severity" : "error",
        "human" : "Must have either extensions or value[x], not both",
        "expression" : "extension.exists() != value.exists()",
        "xpath" : "exists(f:extension)!=exists(f:*[starts-with(local-name(.), 'value')])",
        "source" : "http://hl7.org/fhir/StructureDefinition/Extension"
      }],
      "isModifier" : false
    },
    {
      "id" : "Extension.id",
      "path" : "Extension.id",
      "representation" : ["xmlAttr"],
      "short" : "Unique id for inter-element referencing",
      "definition" : "Unique id for the element within a resource (for internal references). This may be any string value that does not contain spaces.",
      "min" : 0,
      "max" : "1",
      "base" : {
        "path" : "Element.id",
        "min" : 0,
        "max" : "1"
      },
      "type" : [{
        "extension" : [{
          "url" : "http://hl7.org/fhir/StructureDefinition/structuredefinition-fhir-type",
          "valueUrl" : "string"
        }],
        "code" : "http://hl7.org/fhirpath/System.String"
      }],
      "isModifier" : false,
      "isSummary" : false,
      "mapping" : [{
        "identity" : "rim",
        "map" : "n/a"
      }]
    },
    {
      "id" : "Extension.extension",
      "path" : "Extension.extension",
      "slicing" : {
        "discriminator" : [{
          "type" : "value",
          "path" : "url"
        }],
        "description" : "Extensions are always sliced by (at least) url",
        "rules" : "open"
      },
      "short" : "Extension",
      "definition" : "An Extension",
      "min" : 0,
      "max" : "*",
      "base" : {
        "path" : "Element.extension",
        "min" : 0,
        "max" : "*"
      },
      "type" : [{
        "code" : "Extension"
      }],
      "constraint" : [{
        "key" : "ele-1",
        "severity" : "error",
        "human" : "All FHIR elements must have a @value or children",
        "expression" : "hasValue() or (children().count() > id.count())",
        "xpath" : "@value|f:*|h:div",
        "source" : "http://hl7.org/fhir/StructureDefinition/Element"
      },
      {
        "key" : "ext-1",
        "severity" : "error",
        "human" : "Must have either extensions or value[x], not both",
        "expression" : "extension.exists() != value.exists()",
        "xpath" : "exists(f:extension)!=exists(f:*[starts-with(local-name(.), \"value\")])",
        "source" : "http://hl7.org/fhir/StructureDefinition/Extension"
      }],
      "isModifier" : false,
      "isSummary" : false
    },
    {
      "id" : "Extension.extension:diagnosticDocumentCode",
      "path" : "Extension.extension",
      "sliceName" : "diagnosticDocumentCode",
      "short" : "Diagnostic Documents",
      "definition" : "Supporting Diagnostic Documents",
      "min" : 1,
      "max" : "*",
      "base" : {
        "path" : "Element.extension",
        "min" : 0,
        "max" : "*"
      },
      "type" : [{
        "code" : "Extension"
      }],
      "constraint" : [{
        "key" : "ele-1",
        "severity" : "error",
        "human" : "All FHIR elements must have a @value or children",
        "expression" : "hasValue() or (children().count() > id.count())",
        "xpath" : "@value|f:*|h:div",
        "source" : "http://hl7.org/fhir/StructureDefinition/Element"
      },
      {
        "key" : "ext-1",
        "severity" : "error",
        "human" : "Must have either extensions or value[x], not both",
        "expression" : "extension.exists() != value.exists()",
        "xpath" : "exists(f:extension)!=exists(f:*[starts-with(local-name(.), \"value\")])",
        "source" : "http://hl7.org/fhir/StructureDefinition/Extension"
      }],
      "isModifier" : false,
      "isSummary" : false
    },
    {
      "id" : "Extension.extension:diagnosticDocumentCode.id",
      "path" : "Extension.extension.id",
      "representation" : ["xmlAttr"],
      "short" : "Unique id for inter-element referencing",
      "definition" : "Unique id for the element within a resource (for internal references). This may be any string value that does not contain spaces.",
      "min" : 0,
      "max" : "1",
      "base" : {
        "path" : "Element.id",
        "min" : 0,
        "max" : "1"
      },
      "type" : [{
        "extension" : [{
          "url" : "http://hl7.org/fhir/StructureDefinition/structuredefinition-fhir-type",
          "valueUrl" : "string"
        }],
        "code" : "http://hl7.org/fhirpath/System.String"
      }],
      "isModifier" : false,
      "isSummary" : false,
      "mapping" : [{
        "identity" : "rim",
        "map" : "n/a"
      }]
    },
    {
      "id" : "Extension.extension:diagnosticDocumentCode.extension",
      "path" : "Extension.extension.extension",
      "slicing" : {
        "discriminator" : [{
          "type" : "value",
          "path" : "url"
        }],
        "description" : "Extensions are always sliced by (at least) url",
        "rules" : "open"
      },
      "short" : "Additional content defined by implementations",
      "definition" : "May be used to represent additional information that is not part of the basic definition of the element. To make the use of extensions safe and manageable, there is a strict set of governance  applied to the definition and use of extensions. Though any implementer can define an extension, there is a set of requirements that SHALL be met as part of the definition of the extension.",
      "comment" : "There can be no stigma associated with the use of extensions by any application, project, or standard - regardless of the institution or jurisdiction that uses or defines the extensions.  The use of extensions is what allows the FHIR specification to retain a core level of simplicity for everyone.",
      "alias" : ["extensions",
      "user content"],
      "min" : 0,
      "max" : "*",
      "base" : {
        "path" : "Element.extension",
        "min" : 0,
        "max" : "*"
      },
      "type" : [{
        "code" : "Extension"
      }],
      "constraint" : [{
        "key" : "ele-1",
        "severity" : "error",
        "human" : "All FHIR elements must have a @value or children",
        "expression" : "hasValue() or (children().count() > id.count())",
        "xpath" : "@value|f:*|h:div",
        "source" : "http://hl7.org/fhir/StructureDefinition/Element"
      },
      {
        "key" : "ext-1",
        "severity" : "error",
        "human" : "Must have either extensions or value[x], not both",
        "expression" : "extension.exists() != value.exists()",
        "xpath" : "exists(f:extension)!=exists(f:*[starts-with(local-name(.), \"value\")])",
        "source" : "http://hl7.org/fhir/StructureDefinition/Extension"
      }],
      "isModifier" : false,
      "isSummary" : false,
      "mapping" : [{
        "identity" : "rim",
        "map" : "n/a"
      }]
    },
    {
      "id" : "Extension.extension:diagnosticDocumentCode.url",
      "path" : "Extension.extension.url",
      "representation" : ["xmlAttr"],
      "short" : "identifies the meaning of the extension",
      "definition" : "Source of the definition for the extension code - a logical name or a URL.",
      "comment" : "The definition may point directly to a computable or human-readable definition of the extensibility codes, or it may be a logical URI as declared in some other specification. The definition SHALL be a URI for the Structure Definition defining the extension.",
      "min" : 1,
      "max" : "1",
      "base" : {
        "path" : "Extension.url",
        "min" : 1,
        "max" : "1"
      },
      "type" : [{
        "extension" : [{
          "url" : "http://hl7.org/fhir/StructureDefinition/structuredefinition-fhir-type",
          "valueUrl" : "uri"
        }],
        "code" : "http://hl7.org/fhirpath/System.String"
      }],
      "fixedUri" : "ClinicalDiagnosticDocumentCode",
      "isModifier" : false,
      "isSummary" : false,
      "mapping" : [{
        "identity" : "rim",
        "map" : "N/A"
      }]
    },
    {
      "id" : "Extension.extension:diagnosticDocumentCode.value[x]",
      "path" : "Extension.extension.value[x]",
      "short" : "Diagnostic Document Code",
      "definition" : "Diagnostic Document Code",
      "min" : 1,
      "max" : "1",
      "base" : {
        "path" : "Extension.value[x]",
        "min" : 0,
        "max" : "1"
      },
      "type" : [{
        "code" : "CodeableConcept"
      }],
      "constraint" : [{
        "key" : "ele-1",
        "severity" : "error",
        "human" : "All FHIR elements must have a @value or children",
        "expression" : "hasValue() or (children().count() > id.count())",
        "xpath" : "@value|f:*|h:div",
        "source" : "http://hl7.org/fhir/StructureDefinition/Element"
      }],
      "isModifier" : false,
      "isSummary" : false,
      "binding" : {
        "strength" : "extensible",
        "valueSet" : "https://ig.hcxprotocol.io/v0.8/ValueSet-clinical-diagnostics-document-codes.html"
      },
      "mapping" : [{
        "identity" : "rim",
        "map" : "N/A"
      }]
    },
    {
      "id" : "Extension.extension:required",
      "path" : "Extension.extension",
      "sliceName" : "required",
      "short" : "Required Flag",
      "definition" : "Indicates whether the document is required",
      "min" : 0,
      "max" : "1",
      "base" : {
        "path" : "Element.extension",
        "min" : 0,
        "max" : "*"
      },
      "type" : [{
        "code" : "Extension"
      }],
      "constraint" : [{
        "key" : "ele-1",
        "severity" : "error",
        "human" : "All FHIR elements must have a @value or children",
        "expression" : "hasValue() or (children().count() > id.count())",
        "xpath" : "@value|f:*|h:div",
        "source" : "http://hl7.org/fhir/StructureDefinition/Element"
      },
      {
        "key" : "ext-1",
        "severity" : "error",
        "human" : "Must have either extensions or value[x], not both",
        "expression" : "extension.exists() != value.exists()",
        "xpath" : "exists(f:extension)!=exists(f:*[starts-with(local-name(.), \"value\")])",
        "source" : "http://hl7.org/fhir/StructureDefinition/Extension"
      }],
      "isModifier" : false,
      "isSummary" : false
    },
    {
      "id" : "Extension.extension:required.id",
      "path" : "Extension.extension.id",
      "representation" : ["xmlAttr"],
      "short" : "Unique id for inter-element referencing",
      "definition" : "Unique id for the element within a resource (for internal references). This may be any string value that does not contain spaces.",
      "min" : 0,
      "max" : "1",
      "base" : {
        "path" : "Element.id",
        "min" : 0,
        "max" : "1"
      },
      "type" : [{
        "extension" : [{
          "url" : "http://hl7.org/fhir/StructureDefinition/structuredefinition-fhir-type",
          "valueUrl" : "string"
        }],
        "code" : "http://hl7.org/fhirpath/System.String"
      }],
      "isModifier" : false,
      "isSummary" : false,
      "mapping" : [{
        "identity" : "rim",
        "map" : "n/a"
      }]
    },
    {
      "id" : "Extension.extension:required.extension",
      "path" : "Extension.extension.extension",
      "slicing" : {
        "discriminator" : [{
          "type" : "value",
          "path" : "url"
        }],
        "description" : "Extensions are always sliced by (at least) url",
        "rules" : "open"
      },
      "short" : "Additional content defined by implementations",
      "definition" : "May be used to represent additional information that is not part of the basic definition of the element. To make the use of extensions safe and manageable, there is a strict set of governance  applied to the definition and use of extensions. Though any implementer can define an extension, there is a set of requirements that SHALL be met as part of the definition of the extension.",
      "comment" : "There can be no stigma associated with the use of extensions by any application, project, or standard - regardless of the institution or jurisdiction that uses or defines the extensions.  The use of extensions is what allows the FHIR specification to retain a core level of simplicity for everyone.",
      "alias" : ["extensions",
      "user content"],
      "min" : 0,
      "max" : "*",
      "base" : {
        "path" : "Element.extension",
        "min" : 0,
        "max" : "*"
      },
      "type" : [{
        "code" : "Extension"
      }],
      "constraint" : [{
        "key" : "ele-1",
        "severity" : "error",
        "human" : "All FHIR elements must have a @value or children",
        "expression" : "hasValue() or (children().count() > id.count())",
        "xpath" : "@value|f:*|h:div",
        "source" : "http://hl7.org/fhir/StructureDefinition/Element"
      },
      {
        "key" : "ext-1",
        "severity" : "error",
        "human" : "Must have either extensions or value[x], not both",
        "expression" : "extension.exists() != value.exists()",
        "xpath" : "exists(f:extension)!=exists(f:*[starts-with(local-name(.), \"value\")])",
        "source" : "http://hl7.org/fhir/StructureDefinition/Extension"
      }],
      "isModifier" : false,
      "isSummary" : false,
      "mapping" : [{
        "identity" : "rim",
        "map" : "n/a"
      }]
    },
    {
      "id" : "Extension.extension:required.url",
      "path" : "Extension.extension.url",
      "representation" : ["xmlAttr"],
      "short" : "identifies the meaning of the extension",
      "definition" : "Source of the definition for the extension code - a logical name or a URL.",
      "comment" : "The definition may point directly to a computable or human-readable definition of the extensibility codes, or it may be a logical URI as declared in some other specification. The definition SHALL be a URI for the Structure Definition defining the extension.",
      "min" : 1,
      "max" : "1",
      "base" : {
        "path" : "Extension.url",
        "min" : 1,
        "max" : "1"
      },
      "type" : [{
        "extension" : [{
          "url" : "http://hl7.org/fhir/StructureDefinition/structuredefinition-fhir-type",
          "valueUrl" : "uri"
        }],
        "code" : "http://hl7.org/fhirpath/System.String"
      }],
      "fixedUri" : "ClinicalDiagnosticDocumentRequiredFlag",
      "isModifier" : false,
      "isSummary" : false,
      "mapping" : [{
        "identity" : "rim",
        "map" : "N/A"
      }]
    },
    {
      "id" : "Extension.extension:required.value[x]",
      "path" : "Extension.extension.value[x]",
      "short" : "Document Required Flag",
      "definition" : "Document Required Flag",
      "min" : 1,
      "max" : "1",
      "base" : {
        "path" : "Extension.value[x]",
        "min" : 0,
        "max" : "1"
      },
      "type" : [{
        "code" : "boolean"
      }],
      "constraint" : [{
        "key" : "ele-1",
        "severity" : "error",
        "human" : "All FHIR elements must have a @value or children",
        "expression" : "hasValue() or (children().count() > id.count())",
        "xpath" : "@value|f:*|h:div",
        "source" : "http://hl7.org/fhir/StructureDefinition/Element"
      }],
      "isModifier" : false,
      "isSummary" : false,
      "mapping" : [{
        "identity" : "rim",
        "map" : "N/A"
      }]
    },
    {
      "id" : "Extension.extension:mimeType",
      "path" : "Extension.extension",
      "sliceName" : "mimeType",
      "short" : "Mime type of the document",
      "definition" : "Indicates the mimetype",
      "min" : 0,
      "max" : "*",
      "base" : {
        "path" : "Element.extension",
        "min" : 0,
        "max" : "*"
      },
      "type" : [{
        "code" : "Extension"
      }],
      "constraint" : [{
        "key" : "ele-1",
        "severity" : "error",
        "human" : "All FHIR elements must have a @value or children",
        "expression" : "hasValue() or (children().count() > id.count())",
        "xpath" : "@value|f:*|h:div",
        "source" : "http://hl7.org/fhir/StructureDefinition/Element"
      },
      {
        "key" : "ext-1",
        "severity" : "error",
        "human" : "Must have either extensions or value[x], not both",
        "expression" : "extension.exists() != value.exists()",
        "xpath" : "exists(f:extension)!=exists(f:*[starts-with(local-name(.), \"value\")])",
        "source" : "http://hl7.org/fhir/StructureDefinition/Extension"
      }],
      "isModifier" : false,
      "isSummary" : false
    },
    {
      "id" : "Extension.extension:mimeType.id",
      "path" : "Extension.extension.id",
      "representation" : ["xmlAttr"],
      "short" : "Unique id for inter-element referencing",
      "definition" : "Unique id for the element within a resource (for internal references). This may be any string value that does not contain spaces.",
      "min" : 0,
      "max" : "1",
      "base" : {
        "path" : "Element.id",
        "min" : 0,
        "max" : "1"
      },
      "type" : [{
        "extension" : [{
          "url" : "http://hl7.org/fhir/StructureDefinition/structuredefinition-fhir-type",
          "valueUrl" : "string"
        }],
        "code" : "http://hl7.org/fhirpath/System.String"
      }],
      "isModifier" : false,
      "isSummary" : false,
      "mapping" : [{
        "identity" : "rim",
        "map" : "n/a"
      }]
    },
    {
      "id" : "Extension.extension:mimeType.extension",
      "path" : "Extension.extension.extension",
      "slicing" : {
        "discriminator" : [{
          "type" : "value",
          "path" : "url"
        }],
        "description" : "Extensions are always sliced by (at least) url",
        "rules" : "open"
      },
      "short" : "Additional content defined by implementations",
      "definition" : "May be used to represent additional information that is not part of the basic definition of the element. To make the use of extensions safe and manageable, there is a strict set of governance  applied to the definition and use of extensions. Though any implementer can define an extension, there is a set of requirements that SHALL be met as part of the definition of the extension.",
      "comment" : "There can be no stigma associated with the use of extensions by any application, project, or standard - regardless of the institution or jurisdiction that uses or defines the extensions.  The use of extensions is what allows the FHIR specification to retain a core level of simplicity for everyone.",
      "alias" : ["extensions",
      "user content"],
      "min" : 0,
      "max" : "*",
      "base" : {
        "path" : "Element.extension",
        "min" : 0,
        "max" : "*"
      },
      "type" : [{
        "code" : "Extension"
      }],
      "constraint" : [{
        "key" : "ele-1",
        "severity" : "error",
        "human" : "All FHIR elements must have a @value or children",
        "expression" : "hasValue() or (children().count() > id.count())",
        "xpath" : "@value|f:*|h:div",
        "source" : "http://hl7.org/fhir/StructureDefinition/Element"
      },
      {
        "key" : "ext-1",
        "severity" : "error",
        "human" : "Must have either extensions or value[x], not both",
        "expression" : "extension.exists() != value.exists()",
        "xpath" : "exists(f:extension)!=exists(f:*[starts-with(local-name(.), \"value\")])",
        "source" : "http://hl7.org/fhir/StructureDefinition/Extension"
      }],
      "isModifier" : false,
      "isSummary" : false,
      "mapping" : [{
        "identity" : "rim",
        "map" : "n/a"
      }]
    },
    {
      "id" : "Extension.extension:mimeType.url",
      "path" : "Extension.extension.url",
      "representation" : ["xmlAttr"],
      "short" : "identifies the meaning of the extension",
      "definition" : "Source of the definition for the extension code - a logical name or a URL.",
      "comment" : "The definition may point directly to a computable or human-readable definition of the extensibility codes, or it may be a logical URI as declared in some other specification. The definition SHALL be a URI for the Structure Definition defining the extension.",
      "min" : 1,
      "max" : "1",
      "base" : {
        "path" : "Extension.url",
        "min" : 1,
        "max" : "1"
      },
      "type" : [{
        "extension" : [{
          "url" : "http://hl7.org/fhir/StructureDefinition/structuredefinition-fhir-type",
          "valueUrl" : "uri"
        }],
        "code" : "http://hl7.org/fhirpath/System.String"
      }],
      "fixedUri" : "ClinicalDiagnosticDocumentMimeType",
      "isModifier" : false,
      "isSummary" : false,
      "mapping" : [{
        "identity" : "rim",
        "map" : "N/A"
      }]
    },
    {
      "id" : "Extension.extension:mimeType.value[x]",
      "path" : "Extension.extension.value[x]",
      "short" : "Document Mime type code",
      "definition" : "Document Mime type code",
      "min" : 1,
      "max" : "1",
      "base" : {
        "path" : "Extension.value[x]",
        "min" : 0,
        "max" : "1"
      },
      "type" : [{
        "code" : "code"
      }],
      "constraint" : [{
        "key" : "ele-1",
        "severity" : "error",
        "human" : "All FHIR elements must have a @value or children",
        "expression" : "hasValue() or (children().count() > id.count())",
        "xpath" : "@value|f:*|h:div",
        "source" : "http://hl7.org/fhir/StructureDefinition/Element"
      }],
      "isModifier" : false,
      "isSummary" : false,
      "binding" : {
        "strength" : "required",
        "description" : "The mime type of an attachment. Any valid mime type is allowed.",
        "valueSet" : "http://hl7.org/fhir/ValueSet/mimetypes|4.0.1"
      },
      "mapping" : [{
        "identity" : "rim",
        "map" : "N/A"
      }]
    },
    {
      "id" : "Extension.extension:claimUse",
      "path" : "Extension.extension",
      "sliceName" : "claimUse",
      "short" : "Claim use code",
      "definition" : "Indicates which stage of the claim that the document is required",
      "min" : 0,
      "max" : "1",
      "base" : {
        "path" : "Element.extension",
        "min" : 0,
        "max" : "*"
      },
      "type" : [{
        "code" : "Extension"
      }],
      "constraint" : [{
        "key" : "ele-1",
        "severity" : "error",
        "human" : "All FHIR elements must have a @value or children",
        "expression" : "hasValue() or (children().count() > id.count())",
        "xpath" : "@value|f:*|h:div",
        "source" : "http://hl7.org/fhir/StructureDefinition/Element"
      },
      {
        "key" : "ext-1",
        "severity" : "error",
        "human" : "Must have either extensions or value[x], not both",
        "expression" : "extension.exists() != value.exists()",
        "xpath" : "exists(f:extension)!=exists(f:*[starts-with(local-name(.), \"value\")])",
        "source" : "http://hl7.org/fhir/StructureDefinition/Extension"
      }],
      "isModifier" : false,
      "isSummary" : false
    },
    {
      "id" : "Extension.extension:claimUse.id",
      "path" : "Extension.extension.id",
      "representation" : ["xmlAttr"],
      "short" : "Unique id for inter-element referencing",
      "definition" : "Unique id for the element within a resource (for internal references). This may be any string value that does not contain spaces.",
      "min" : 0,
      "max" : "1",
      "base" : {
        "path" : "Element.id",
        "min" : 0,
        "max" : "1"
      },
      "type" : [{
        "extension" : [{
          "url" : "http://hl7.org/fhir/StructureDefinition/structuredefinition-fhir-type",
          "valueUrl" : "string"
        }],
        "code" : "http://hl7.org/fhirpath/System.String"
      }],
      "isModifier" : false,
      "isSummary" : false,
      "mapping" : [{
        "identity" : "rim",
        "map" : "n/a"
      }]
    },
    {
      "id" : "Extension.extension:claimUse.extension",
      "path" : "Extension.extension.extension",
      "slicing" : {
        "discriminator" : [{
          "type" : "value",
          "path" : "url"
        }],
        "description" : "Extensions are always sliced by (at least) url",
        "rules" : "open"
      },
      "short" : "Additional content defined by implementations",
      "definition" : "May be used to represent additional information that is not part of the basic definition of the element. To make the use of extensions safe and manageable, there is a strict set of governance  applied to the definition and use of extensions. Though any implementer can define an extension, there is a set of requirements that SHALL be met as part of the definition of the extension.",
      "comment" : "There can be no stigma associated with the use of extensions by any application, project, or standard - regardless of the institution or jurisdiction that uses or defines the extensions.  The use of extensions is what allows the FHIR specification to retain a core level of simplicity for everyone.",
      "alias" : ["extensions",
      "user content"],
      "min" : 0,
      "max" : "*",
      "base" : {
        "path" : "Element.extension",
        "min" : 0,
        "max" : "*"
      },
      "type" : [{
        "code" : "Extension"
      }],
      "constraint" : [{
        "key" : "ele-1",
        "severity" : "error",
        "human" : "All FHIR elements must have a @value or children",
        "expression" : "hasValue() or (children().count() > id.count())",
        "xpath" : "@value|f:*|h:div",
        "source" : "http://hl7.org/fhir/StructureDefinition/Element"
      },
      {
        "key" : "ext-1",
        "severity" : "error",
        "human" : "Must have either extensions or value[x], not both",
        "expression" : "extension.exists() != value.exists()",
        "xpath" : "exists(f:extension)!=exists(f:*[starts-with(local-name(.), \"value\")])",
        "source" : "http://hl7.org/fhir/StructureDefinition/Extension"
      }],
      "isModifier" : false,
      "isSummary" : false,
      "mapping" : [{
        "identity" : "rim",
        "map" : "n/a"
      }]
    },
    {
      "id" : "Extension.extension:claimUse.url",
      "path" : "Extension.extension.url",
      "representation" : ["xmlAttr"],
      "short" : "identifies the meaning of the extension",
      "definition" : "Source of the definition for the extension code - a logical name or a URL.",
      "comment" : "The definition may point directly to a computable or human-readable definition of the extensibility codes, or it may be a logical URI as declared in some other specification. The definition SHALL be a URI for the Structure Definition defining the extension.",
      "min" : 1,
      "max" : "1",
      "base" : {
        "path" : "Extension.url",
        "min" : 1,
        "max" : "1"
      },
      "type" : [{
        "extension" : [{
          "url" : "http://hl7.org/fhir/StructureDefinition/structuredefinition-fhir-type",
          "valueUrl" : "uri"
        }],
        "code" : "http://hl7.org/fhirpath/System.String"
      }],
      "fixedUri" : "ClinicalDiagnosticDocumentClaimUse",
      "isModifier" : false,
      "isSummary" : false,
      "mapping" : [{
        "identity" : "rim",
        "map" : "N/A"
      }]
    },
    {
      "id" : "Extension.extension:claimUse.value[x]",
      "path" : "Extension.extension.value[x]",
      "short" : "Claim use code",
      "definition" : "Claim use code",
      "min" : 1,
      "max" : "1",
      "base" : {
        "path" : "Extension.value[x]",
        "min" : 0,
        "max" : "1"
      },
      "type" : [{
        "code" : "code"
      }],
      "constraint" : [{
        "key" : "ele-1",
        "severity" : "error",
        "human" : "All FHIR elements must have a @value or children",
        "expression" : "hasValue() or (children().count() > id.count())",
        "xpath" : "@value|f:*|h:div",
        "source" : "http://hl7.org/fhir/StructureDefinition/Element"
      }],
      "isModifier" : false,
      "isSummary" : false,
      "binding" : {
        "strength" : "preferred",
        "valueSet" : "http://hl7.org/fhir/ValueSet/claim-use|4.0.1"
      },
      "mapping" : [{
        "identity" : "rim",
        "map" : "N/A"
      }]
    },
    {
      "id" : "Extension.extension:documentationUrl",
      "path" : "Extension.extension",
      "sliceName" : "documentationUrl",
      "short" : "Required Flag",
      "definition" : "Indicates whether the document is required",
      "min" : 0,
      "max" : "1",
      "base" : {
        "path" : "Element.extension",
        "min" : 0,
        "max" : "*"
      },
      "type" : [{
        "code" : "Extension"
      }],
      "constraint" : [{
        "key" : "ele-1",
        "severity" : "error",
        "human" : "All FHIR elements must have a @value or children",
        "expression" : "hasValue() or (children().count() > id.count())",
        "xpath" : "@value|f:*|h:div",
        "source" : "http://hl7.org/fhir/StructureDefinition/Element"
      },
      {
        "key" : "ext-1",
        "severity" : "error",
        "human" : "Must have either extensions or value[x], not both",
        "expression" : "extension.exists() != value.exists()",
        "xpath" : "exists(f:extension)!=exists(f:*[starts-with(local-name(.), \"value\")])",
        "source" : "http://hl7.org/fhir/StructureDefinition/Extension"
      }],
      "isModifier" : false,
      "isSummary" : false
    },
    {
      "id" : "Extension.extension:documentationUrl.id",
      "path" : "Extension.extension.id",
      "representation" : ["xmlAttr"],
      "short" : "Unique id for inter-element referencing",
      "definition" : "Unique id for the element within a resource (for internal references). This may be any string value that does not contain spaces.",
      "min" : 0,
      "max" : "1",
      "base" : {
        "path" : "Element.id",
        "min" : 0,
        "max" : "1"
      },
      "type" : [{
        "extension" : [{
          "url" : "http://hl7.org/fhir/StructureDefinition/structuredefinition-fhir-type",
          "valueUrl" : "string"
        }],
        "code" : "http://hl7.org/fhirpath/System.String"
      }],
      "isModifier" : false,
      "isSummary" : false,
      "mapping" : [{
        "identity" : "rim",
        "map" : "n/a"
      }]
    },
    {
      "id" : "Extension.extension:documentationUrl.extension",
      "path" : "Extension.extension.extension",
      "slicing" : {
        "discriminator" : [{
          "type" : "value",
          "path" : "url"
        }],
        "description" : "Extensions are always sliced by (at least) url",
        "rules" : "open"
      },
      "short" : "Additional content defined by implementations",
      "definition" : "May be used to represent additional information that is not part of the basic definition of the element. To make the use of extensions safe and manageable, there is a strict set of governance  applied to the definition and use of extensions. Though any implementer can define an extension, there is a set of requirements that SHALL be met as part of the definition of the extension.",
      "comment" : "There can be no stigma associated with the use of extensions by any application, project, or standard - regardless of the institution or jurisdiction that uses or defines the extensions.  The use of extensions is what allows the FHIR specification to retain a core level of simplicity for everyone.",
      "alias" : ["extensions",
      "user content"],
      "min" : 0,
      "max" : "*",
      "base" : {
        "path" : "Element.extension",
        "min" : 0,
        "max" : "*"
      },
      "type" : [{
        "code" : "Extension"
      }],
      "constraint" : [{
        "key" : "ele-1",
        "severity" : "error",
        "human" : "All FHIR elements must have a @value or children",
        "expression" : "hasValue() or (children().count() > id.count())",
        "xpath" : "@value|f:*|h:div",
        "source" : "http://hl7.org/fhir/StructureDefinition/Element"
      },
      {
        "key" : "ext-1",
        "severity" : "error",
        "human" : "Must have either extensions or value[x], not both",
        "expression" : "extension.exists() != value.exists()",
        "xpath" : "exists(f:extension)!=exists(f:*[starts-with(local-name(.), \"value\")])",
        "source" : "http://hl7.org/fhir/StructureDefinition/Extension"
      }],
      "isModifier" : false,
      "isSummary" : false,
      "mapping" : [{
        "identity" : "rim",
        "map" : "n/a"
      }]
    },
    {
      "id" : "Extension.extension:documentationUrl.url",
      "path" : "Extension.extension.url",
      "representation" : ["xmlAttr"],
      "short" : "identifies the meaning of the extension",
      "definition" : "Source of the definition for the extension code - a logical name or a URL.",
      "comment" : "The definition may point directly to a computable or human-readable definition of the extensibility codes, or it may be a logical URI as declared in some other specification. The definition SHALL be a URI for the Structure Definition defining the extension.",
      "min" : 1,
      "max" : "1",
      "base" : {
        "path" : "Extension.url",
        "min" : 1,
        "max" : "1"
      },
      "type" : [{
        "extension" : [{
          "url" : "http://hl7.org/fhir/StructureDefinition/structuredefinition-fhir-type",
          "valueUrl" : "uri"
        }],
        "code" : "http://hl7.org/fhirpath/System.String"
      }],
      "fixedUri" : "DocumentationUrl",
      "isModifier" : false,
      "isSummary" : false,
      "mapping" : [{
        "identity" : "rim",
        "map" : "N/A"
      }]
    },
    {
      "id" : "Extension.extension:documentationUrl.value[x]",
      "path" : "Extension.extension.value[x]",
      "short" : "Documention URL",
      "definition" : "Documention URL",
      "min" : 1,
      "max" : "1",
      "base" : {
        "path" : "Extension.value[x]",
        "min" : 0,
        "max" : "1"
      },
      "type" : [{
        "code" : "url"
      }],
      "constraint" : [{
        "key" : "ele-1",
        "severity" : "error",
        "human" : "All FHIR elements must have a @value or children",
        "expression" : "hasValue() or (children().count() > id.count())",
        "xpath" : "@value|f:*|h:div",
        "source" : "http://hl7.org/fhir/StructureDefinition/Element"
      }],
      "isModifier" : false,
      "isSummary" : false,
      "mapping" : [{
        "identity" : "rim",
        "map" : "N/A"
      }]
    },
    {
      "id" : "Extension.url",
      "path" : "Extension.url",
      "representation" : ["xmlAttr"],
      "short" : "identifies the meaning of the extension",
      "definition" : "Source of the definition for the extension code - a logical name or a URL.",
      "comment" : "The definition may point directly to a computable or human-readable definition of the extensibility codes, or it may be a logical URI as declared in some other specification. The definition SHALL be a URI for the Structure Definition defining the extension.",
      "min" : 1,
      "max" : "1",
      "base" : {
        "path" : "Extension.url",
        "min" : 1,
        "max" : "1"
      },
      "type" : [{
        "extension" : [{
          "url" : "http://hl7.org/fhir/StructureDefinition/structuredefinition-fhir-type",
          "valueUrl" : "uri"
        }],
        "code" : "http://hl7.org/fhirpath/System.String"
      }],
      "fixedUri" : "https://ig.hcxprotocol.io/v0.8/StructureDefinition-HCXDiagnosticDocumentsExtension.html",
      "isModifier" : false,
      "isSummary" : false,
      "mapping" : [{
        "identity" : "rim",
        "map" : "N/A"
      }]
    },
    {
      "id" : "Extension.value[x]",
      "path" : "Extension.value[x]",
      "short" : "Value of extension",
      "definition" : "Value of extension - must be one of a constrained set of the data types (see [Extensibility](http://hl7.org/fhir/R4/extensibility.html) for a list).",
      "min" : 0,
      "max" : "0",
      "base" : {
        "path" : "Extension.value[x]",
        "min" : 0,
        "max" : "1"
      },
      "type" : [{
        "code" : "base64Binary"
      },
      {
        "code" : "boolean"
      },
      {
        "code" : "canonical"
      },
      {
        "code" : "code"
      },
      {
        "code" : "date"
      },
      {
        "code" : "dateTime"
      },
      {
        "code" : "decimal"
      },
      {
        "code" : "id"
      },
      {
        "code" : "instant"
      },
      {
        "code" : "integer"
      },
      {
        "code" : "markdown"
      },
      {
        "code" : "oid"
      },
      {
        "code" : "positiveInt"
      },
      {
        "code" : "string"
      },
      {
        "code" : "time"
      },
      {
        "code" : "unsignedInt"
      },
      {
        "code" : "uri"
      },
      {
        "code" : "url"
      },
      {
        "code" : "uuid"
      },
      {
        "code" : "Address"
      },
      {
        "code" : "Age"
      },
      {
        "code" : "Annotation"
      },
      {
        "code" : "Attachment"
      },
      {
        "code" : "CodeableConcept"
      },
      {
        "code" : "Coding"
      },
      {
        "code" : "ContactPoint"
      },
      {
        "code" : "Count"
      },
      {
        "code" : "Distance"
      },
      {
        "code" : "Duration"
      },
      {
        "code" : "HumanName"
      },
      {
        "code" : "Identifier"
      },
      {
        "code" : "Money"
      },
      {
        "code" : "Period"
      },
      {
        "code" : "Quantity"
      },
      {
        "code" : "Range"
      },
      {
        "code" : "Ratio"
      },
      {
        "code" : "Reference"
      },
      {
        "code" : "SampledData"
      },
      {
        "code" : "Signature"
      },
      {
        "code" : "Timing"
      },
      {
        "code" : "ContactDetail"
      },
      {
        "code" : "Contributor"
      },
      {
        "code" : "DataRequirement"
      },
      {
        "code" : "Expression"
      },
      {
        "code" : "ParameterDefinition"
      },
      {
        "code" : "RelatedArtifact"
      },
      {
        "code" : "TriggerDefinition"
      },
      {
        "code" : "UsageContext"
      },
      {
        "code" : "Dosage"
      },
      {
        "code" : "Meta"
      }],
      "constraint" : [{
        "key" : "ele-1",
        "severity" : "error",
        "human" : "All FHIR elements must have a @value or children",
        "expression" : "hasValue() or (children().count() > id.count())",
        "xpath" : "@value|f:*|h:div",
        "source" : "http://hl7.org/fhir/StructureDefinition/Element"
      }],
      "isModifier" : false,
      "isSummary" : false,
      "mapping" : [{
        "identity" : "rim",
        "map" : "N/A"
      }]
    }]
  },
  "differential" : {
    "element" : [{
      "id" : "Extension",
      "path" : "Extension",
      "short" : "Extension to attach supporting Diagnostic documents.",
      "definition" : "Extension to attach supporting Diagnostic documents."
    },
    {
      "id" : "Extension.extension",
      "path" : "Extension.extension",
      "slicing" : {
        "discriminator" : [{
          "type" : "value",
          "path" : "url"
        }],
        "rules" : "open"
      }
    },
    {
      "id" : "Extension.extension:diagnosticDocumentCode",
      "path" : "Extension.extension",
      "sliceName" : "diagnosticDocumentCode",
      "short" : "Diagnostic Documents",
      "definition" : "Supporting Diagnostic Documents",
      "min" : 1
    },
    {
      "id" : "Extension.extension:diagnosticDocumentCode.url",
      "path" : "Extension.extension.url",
      "fixedUri" : "ClinicalDiagnosticDocumentCode"
    },
    {
      "id" : "Extension.extension:diagnosticDocumentCode.value[x]",
      "path" : "Extension.extension.value[x]",
      "short" : "Diagnostic Document Code",
      "definition" : "Diagnostic Document Code",
      "min" : 1,
      "type" : [{
        "code" : "CodeableConcept"
      }],
      "binding" : {
        "strength" : "extensible",
        "valueSet" : "https://ig.hcxprotocol.io/v0.8/ValueSet-clinical-diagnostics-document-codes.html"
      }
    },
    {
      "id" : "Extension.extension:required",
      "path" : "Extension.extension",
      "sliceName" : "required",
      "short" : "Required Flag",
      "definition" : "Indicates whether the document is required",
      "max" : "1"
    },
    {
      "id" : "Extension.extension:required.url",
      "path" : "Extension.extension.url",
      "fixedUri" : "ClinicalDiagnosticDocumentRequiredFlag"
    },
    {
      "id" : "Extension.extension:required.value[x]",
      "path" : "Extension.extension.value[x]",
      "short" : "Document Required Flag",
      "definition" : "Document Required Flag",
      "min" : 1,
      "type" : [{
        "code" : "boolean"
      }]
    },
    {
      "id" : "Extension.extension:mimeType",
      "path" : "Extension.extension",
      "sliceName" : "mimeType",
      "short" : "Mime type of the document",
      "definition" : "Indicates the mimetype",
      "max" : "*"
    },
    {
      "id" : "Extension.extension:mimeType.url",
      "path" : "Extension.extension.url",
      "fixedUri" : "ClinicalDiagnosticDocumentMimeType"
    },
    {
      "id" : "Extension.extension:mimeType.value[x]",
      "path" : "Extension.extension.value[x]",
      "short" : "Document Mime type code",
      "definition" : "Document Mime type code",
      "min" : 1,
      "type" : [{
        "code" : "code"
      }],
      "binding" : {
        "strength" : "required",
        "description" : "The mime type of an attachment. Any valid mime type is allowed.",
        "valueSet" : "http://hl7.org/fhir/ValueSet/mimetypes|4.0.1"
      }
    },
    {
      "id" : "Extension.extension:claimUse",
      "path" : "Extension.extension",
      "sliceName" : "claimUse",
      "short" : "Claim use code",
      "definition" : "Indicates which stage of the claim that the document is required",
      "max" : "1"
    },
    {
      "id" : "Extension.extension:claimUse.url",
      "path" : "Extension.extension.url",
      "fixedUri" : "ClinicalDiagnosticDocumentClaimUse"
    },
    {
      "id" : "Extension.extension:claimUse.value[x]",
      "path" : "Extension.extension.value[x]",
      "short" : "Claim use code",
      "definition" : "Claim use code",
      "min" : 1,
      "type" : [{
        "code" : "code"
      }],
      "binding" : {
        "strength" : "preferred",
        "valueSet" : "http://hl7.org/fhir/ValueSet/claim-use|4.0.1"
      }
    },
    {
      "id" : "Extension.extension:documentationUrl",
      "path" : "Extension.extension",
      "sliceName" : "documentationUrl",
      "short" : "Required Flag",
      "definition" : "Indicates whether the document is required",
      "max" : "1"
    },
    {
      "id" : "Extension.extension:documentationUrl.url",
      "path" : "Extension.extension.url",
      "fixedUri" : "DocumentationUrl"
    },
    {
      "id" : "Extension.extension:documentationUrl.value[x]",
      "path" : "Extension.extension.value[x]",
      "short" : "Documention URL",
      "definition" : "Documention URL",
      "min" : 1,
      "type" : [{
        "code" : "url"
      }]
    },
    {
      "id" : "Extension.url",
      "path" : "Extension.url",
      "fixedUri" : "https://ig.hcxprotocol.io/v0.8/StructureDefinition-HCXDiagnosticDocumentsExtension.html"
    },
    {
      "id" : "Extension.value[x]",
      "path" : "Extension.value[x]",
      "max" : "0"
    }]
  }
}