{"resourceType":"ValueSet","id":"hcx-admission-types","text":{"status":"generated","div":"<div xmlns=\"http://www.w3.org/1999/xhtml\"><p>This value set contains codes for admission types</p></div>"},"url":"https://staging-hcx.swasth.app/hapi-fhir/fhir/ValueSet/hcx-admission-types","version":"0.7.1","name":"HCXAdmissionTypes","status":"draft","date":"2023-03-06","publisher":"HCX Open Community","contact":[{"name":"HCX Open Community","telecom":[{"system":"url","value":"http://hcxprotocol.io/"}]}],"description":"This is the value set listing the Admission type codes","expansion":{"timestamp":"2023-03-06T08:15:30+05:30","contains":[{"system":"https://staging-hcx.swasth.app/hapi-fhir/fhir/CodeSystem/hcx-admission-types","code":"EM","display":"Emergency"},{"system":"https://staging-hcx.swasth.app/hapi-fhir/fhir/CodeSystem/hcx-admission-types","code":"PL","display":"Planned"},{"system":"https://staging-hcx.swasth.app/hapi-fhir/fhir/CodeSystem/hcx-admission-types","code":"NC","display":"Natural Catastrophe"},{"system":"https://staging-hcx.swasth.app/hapi-fhir/fhir/CodeSystem/hcx-admission-types","code":"MA","display":"Maternity"},{"system":"https://staging-hcx.swasth.app/hapi-fhir/fhir/CodeSystem/hcx-admission-types","code":"UR","display":"Urgent"},{"system":"https://staging-hcx.swasth.app/hapi-fhir/fhir/CodeSystem/hcx-admission-types","code":"EL","display":"Elective"},{"system":"https://staging-hcx.swasth.app/hapi-fhir/fhir/CodeSystem/hcx-admission-types","code":"NB","display":"Newborn"}]}}