<?xml version="1.0" encoding="UTF-8"?>

<ValueSet xmlns="http://hl7.org/fhir">
  <id value="claim-service-categories"/>
  <text>
    <status value="generated"/><div xmlns="http://www.w3.org/1999/xhtml"><p>This value set contains 9 concepts</p><p>All codes in this table are from the system <code>http://hcxprotocol.io/codes/service-category</code></p><table class="codes"><tr><td style="white-space:nowrap"><b>Code</b></td><td><b>Display</b></td></tr><tr><td style="white-space:nowrap"><a name="http---hcxprotocol.io-codes-service-category-100000"> </a>  100000</td><td>Room &amp; Nursing Charges</td></tr><tr><td style="white-space:nowrap"><a name="http---hcxprotocol.io-codes-service-category-200000"> </a>  200000</td><td>ICU Charges</td></tr><tr><td style="white-space:nowrap"><a name="http---hcxprotocol.io-codes-service-category-300000"> </a>  300000</td><td>OT Charges</td></tr><tr><td style="white-space:nowrap"><a name="http---hcxprotocol.io-codes-service-category-400000"> </a>  400000</td><td>Medicine &amp; Consumables Charges</td></tr><tr><td style="white-space:nowrap"><a name="http---hcxprotocol.io-codes-service-category-500000"> </a>  500000</td><td>Professional Fees Charges</td></tr><tr><td style="white-space:nowrap"><a name="http---hcxprotocol.io-codes-service-category-600000"> </a>  600000</td><td>Investigation Charges</td></tr><tr><td style="white-space:nowrap"><a name="http---hcxprotocol.io-codes-service-category-700000"> </a>  700000</td><td>Ambulance Charges</td></tr><tr><td style="white-space:nowrap"><a name="http---hcxprotocol.io-codes-service-category-800000"> </a>  800000</td><td>Miscellaneous Charges</td></tr><tr><td style="white-space:nowrap"><a name="http---hcxprotocol.io-codes-service-category-900000"> </a>  900000</td><td>Package Charges</td></tr></table></div>
  </text>
  <url value="https://hcx-project.github.io/hcx-specs/v0.7/ValueSet-claim-service-categories.html"/>
  <version value="0.7.0"/>
  <name value="ClaimServiceCategories"/>
  <status value="active"/>
  <date value="2021-08-15"/>
  <publisher value="HCX Open Community"/>
  <contact>
    <name value="HCX Open Community"/>
    <telecom>
      <system value="url"/>
      <value value="http://hcxprotocol.io/"/>
    </telecom>
  </contact>
  <description value="This is the value set that includes the codes to identify the general type of benefits under which products and services are provided"/>
  <expansion>
    <timestamp value="2021-08-15T08:15:30+05:30"/>
    <contains>
      <system value="http://hcxprotocol.io/codes/service-category"/>
      <code value="100000"/>
      <display value="Room &amp; Nursing Charges"/>
    </contains>
    <contains>
      <system value="http://hcxprotocol.io/codes/service-category"/>
      <code value="200000"/>
      <display value="ICU Charges"/>
    </contains>
    <contains>
      <system value="http://hcxprotocol.io/codes/service-category"/>
      <code value="300000"/>
      <display value="OT Charges"/>
    </contains>
    <contains>
      <system value="http://hcxprotocol.io/codes/service-category"/>
      <code value="400000"/>
      <display value="Medicine &amp; Consumables Charges"/>
    </contains>
    <contains>
      <system value="http://hcxprotocol.io/codes/service-category"/>
      <code value="500000"/>
      <display value="Professional Fees Charges"/>
    </contains>
    <contains>
      <system value="http://hcxprotocol.io/codes/service-category"/>
      <code value="600000"/>
      <display value="Investigation Charges"/>
    </contains>
    <contains>
      <system value="http://hcxprotocol.io/codes/service-category"/>
      <code value="700000"/>
      <display value="Ambulance Charges"/>
    </contains>
    <contains>
      <system value="http://hcxprotocol.io/codes/service-category"/>
      <code value="800000"/>
      <display value="Miscellaneous Charges"/>
    </contains>
    <contains>
      <system value="http://hcxprotocol.io/codes/service-category"/>
      <code value="900000"/>
      <display value="Package Charges"/>
    </contains>
  </expansion>
</ValueSet>