{
  "resourceType" : "ValueSet",
  "id" : "communication-reason-codes",
  "text" : {
    "status" : "generated",
    "div" : "<div xmlns=\"http://www.w3.org/1999/xhtml\"><p>This value set contains 2 concepts</p><table class=\"codes\"><tr><td style=\"white-space:nowrap\"><b>Code</b></td><td><b>System</b></td><td><b>Display</b></td></tr><tr><td style=\"white-space:nowrap\"><a name=\"http---hcxprotocol.io-codes-communication-reason-codes-COMM-PATIENT-CONSENT\"> </a>\u00a0\u00a0COMM-PATIENT-CONSENT</td><td>http://hcxprotocol.io/codes/communication-reason-codes</td><td>Patient Consent Details</td></tr><tr><td style=\"white-space:nowrap\"><a name=\"http---hcxprotocol.io-codes-communication-reason-codes-COMM-ACCOUNT-INFORMATION\"> </a>\u00a0\u00a0COMM-ACCOUNT-INFORMATION</td><td>http://hcxprotocol.io/codes/communication-reason-codes</td><td>Payment Account Information</td></tr></table></div>"
  },
  "url" : "https://ig.hcxprotocol.io/v0.9/ValueSet-communication-reason-codes.html",
  "version" : "0.9.0",
  "name" : "CommunicationReasonCodes",
  "status" : "active",
  "date" : "2023-09-20",
  "publisher" : "HCX Open Community",
  "contact" : [{
    "name" : "HCX Open Community",
    "telecom" : [{
      "system" : "url",
      "value" : "http://hcxprotocol.io/"
    }]
  }],
  "description" : "This is an example value set that includes a set of codes specifying the motivation, cause, or reason for a communication.",
  "compose" : {
    "include" : [{
      "system" : "http://terminology.hl7.org/CodeSystem/v3-ActReason"
    }]
  },
  "expansion" : {
    "timestamp" : "2023-09-20T08:15:30+05:30",
    "contains" : [{
      "system" : "http://hcxprotocol.io/codes/communication-reason-codes",
      "code" : "COMM-PATIENT-CONSENT",
      "display" : "Patient Consent Details"
    },
    {
      "system" : "http://hcxprotocol.io/codes/communication-reason-codes",
      "code" : "COMM-ACCOUNT-INFORMATION",
      "display" : "Payment Account Information"
    }]
  }
}