"Id","Path","Slice Name","Alias(s)","Label","Min","Max","Must Support?","Is Modifier?","Is Summary?","Type(s)","Short","Definition","Comments","Requirements","Default Value","Meaning When Missing","Fixed Value","Pattern","Example","Minimum Value","Maximum Value","Maximum Length","Binding Strength","Binding Description","Binding Value Set","Code","Slicing Discriminator","Slicing Description","Slicing Ordered","Slicing Rules","Base Path","Base Min","Base Max","Condition(s)","Constraint(s)","Mapping: Workflow Pattern","Mapping: RIM Mapping","Mapping: FiveWs Pattern Mapping","Mapping: Canadian Dental Association eclaims standard","Mapping: HL7 v2 Mapping"
"PaymentNotice","PaymentNotice","","","",0,*,"","","","null {[]} {[]}
","PaymentNotice request","This resource provides the status of the payment for goods and services rendered, and the request and response resource references.","","","","","","","","","",,,,,"",,,,"PaymentNotice",0,*,"","","Event","Entity. Role, or Act","n/a"
"PaymentNotice.id","PaymentNotice.id","","","",0,1,"","","Y","id {[]} {[]}
","Logical id of this artifact","The logical id of the resource, as used in the URL for the resource. Once assigned, this value never changes.","The only time that a resource does not have an id is when it is being submitted to the server using a create operation.","","","","","","","","",,,,,"",,,,"Resource.id",0,1,"",""
"PaymentNotice.meta","PaymentNotice.meta","","","",0,1,"","","Y","Meta {[]} {[]}
","Metadata about the resource","The metadata about the resource. This is content that is maintained by the infrastructure. Changes to the content might not always be associated with version changes to the resource.","","","","","","","","","",,,,,"",,,,"Resource.meta",0,1,"","ele-1:All FHIR elements must have a @value or children {hasValue() or (children().count() > id.count())}
"
"PaymentNotice.implicitRules","PaymentNotice.implicitRules","","","",0,1,"","Y","Y","uri {[]} {[]}
","A set of rules under which this content was created","A reference to a set of rules that were followed when the resource was constructed, and which must be understood when processing the content. Often, this is a reference to an implementation guide that defines the special rules along with other profiles etc.","Asserting this rule set restricts the content to be only understood by a limited set of trading partners. This inherently limits the usefulness of the data in the long term. However, the existing health eco-system is highly fractured, and not yet ready to define, collect, and exchange data in a generally computable sense. Wherever possible, implementers and/or specification writers should avoid using this element. Often, when used, the URL is a reference to an implementation guide that defines these special rules as part of it's narrative along with other profiles, value sets, etc.","","","","","","","","",,,,,"",,,,"Resource.implicitRules",0,1,"","ele-1:All FHIR elements must have a @value or children {hasValue() or (children().count() > id.count())}
"
"PaymentNotice.language","PaymentNotice.language","","","",0,1,"","","","code {[]} {[]}
","Language of the resource content","The base language in which the resource is written.","Language is provided to support indexing and accessibility (typically, services such as text to speech use the language tag). The html language tag in the narrative applies  to the narrative. The language tag on the resource may be used to specify the language of other presentations generated from the data in the resource. Not all the content has to be in the base language. The Resource.language should not be assumed to apply to the narrative automatically. If a language is specified, it should it also be specified on the div element in the html (see rules in HTML5 for information about the relationship between xml:lang and the html lang attribute).","","","","","","","","",,"preferred","A human language.","http://hl7.org/fhir/ValueSet/languages","",,,,"Resource.language",0,1,"","ele-1:All FHIR elements must have a @value or children {hasValue() or (children().count() > id.count())}
"
"PaymentNotice.text","PaymentNotice.text","","narrative
htmlxhtmldisplay","",0,1,"","","","Narrative {[]} {[]}
","Text summary of the resource, for human interpretation","A human-readable narrative that contains a summary of the resource and can be used to represent the content of the resource to a human. The narrative need not encode all the structured data, but is required to contain sufficient detail to make it ""clinically safe"" for a human to just read the narrative. Resource definitions may define what content should be represented in the narrative to ensure clinical safety.","Contained resources do not have narrative. Resources that are not contained SHOULD have a narrative. In some cases, a resource may only have text with little or no additional discrete data (as long as all minOccurs=1 elements are satisfied).  This may be necessary for data from legacy systems where information is captured as a ""text blob"" or where text is additionally entered raw or narrated and encoded information is added later.","","","","","","","","",,,,,"",,,,"DomainResource.text",0,1,"","ele-1:All FHIR elements must have a @value or children {hasValue() or (children().count() > id.count())}
","Act.text?"
"PaymentNotice.contained","PaymentNotice.contained","","inline resources
anonymous resourcescontained resources","",0,*,"","","","Resource {[]} {[]}
","Contained, inline Resources","These resources do not have an independent existence apart from the resource that contains them - they cannot be identified independently, and nor can they have their own independent transaction scope.","This should never be done when the content can be identified properly, as once identification is lost, it is extremely difficult (and context dependent) to restore it again. Contained resources may have profiles and tags In their meta elements, but SHALL NOT have security labels.","","","","","","","","",,,,,"",,,,"DomainResource.contained",0,*,"","","N/A"
"PaymentNotice.extension","PaymentNotice.extension","","extensions
user content","",0,*,"","","","Extension {[]} {[]}
","Additional content defined by implementations","May be used to represent additional information that is not part of the basic definition of the resource. To make the use of extensions safe and manageable, there is a strict set of governance  applied to the definition and use of extensions. Though any implementer can define an extension, there is a set of requirements that SHALL be met as part of the definition of the extension.","There can be no stigma associated with the use of extensions by any application, project, or standard - regardless of the institution or jurisdiction that uses or defines the extensions.  The use of extensions is what allows the FHIR specification to retain a core level of simplicity for everyone.","","","","","","","","",,,,,"",,,,"DomainResource.extension",0,*,"","ele-1:All FHIR elements must have a @value or children {hasValue() or (children().count() > id.count())}
ext-1:Must have either extensions or value[x], not both {extension.exists() != value.exists()}","N/A"
"PaymentNotice.modifierExtension","PaymentNotice.modifierExtension","","extensions
user content","",0,*,"","Y","","Extension {[]} {[]}
","Extensions that cannot be ignored","May be used to represent additional information that is not part of the basic definition of the resource and that modifies the understanding of the element that contains it and/or the understanding of the containing element's descendants. Usually modifier elements provide negation or qualification. To make the use of extensions safe and manageable, there is a strict set of governance applied to the definition and use of extensions. Though any implementer is allowed to define an extension, there is a set of requirements that SHALL be met as part of the definition of the extension. Applications processing a resource are required to check for modifier extensions.

Modifier extensions SHALL NOT change the meaning of any elements on Resource or DomainResource (including cannot change the meaning of modifierExtension itself).","There can be no stigma associated with the use of extensions by any application, project, or standard - regardless of the institution or jurisdiction that uses or defines the extensions.  The use of extensions is what allows the FHIR specification to retain a core level of simplicity for everyone.","Modifier extensions allow for extensions that *cannot* be safely ignored to be clearly distinguished from the vast majority of extensions which can be safely ignored.  This promotes interoperability by eliminating the need for implementers to prohibit the presence of extensions. For further information, see the [definition of modifier extensions](http://hl7.org/fhir/R4/extensibility.html#modifierExtension).","","","","","","","",,,,,"",,,,"DomainResource.modifierExtension",0,*,"","ele-1:All FHIR elements must have a @value or children {hasValue() or (children().count() > id.count())}
ext-1:Must have either extensions or value[x], not both {extension.exists() != value.exists()}","N/A"
"PaymentNotice.identifier","PaymentNotice.identifier","","","",1,1,"","","","Identifier {[]} {[]}
","Business Identifier for the payment noctice","A unique identifier assigned to this payment notice.","","Allows payment notices to be distinguished and referenced.","","","","","","","",,,,,"",,,,"PaymentNotice.identifier",0,*,"","ele-1:All FHIR elements must have a @value or children {hasValue() or (children().count() > id.count())}
","Event.identifier","n/a","FiveWs.identifier"
"PaymentNotice.status","PaymentNotice.status","","","",1,1,"","Y","Y","code {[]} {[]}
","active | cancelled | draft | entered-in-error","The status of the resource instance.","This element is labeled as a modifier because the status contains codes that mark the resource as not currently valid.","Need to track the status of the resource as 'draft' resources may undergo further edits while 'active' resources are immutable and may only have their status changed to 'cancelled'.","","","","","","","",,"required","A code specifying the state of the resource instance.","http://hl7.org/fhir/ValueSet/fm-status|4.0.1","",,,,"PaymentNotice.status",1,1,"","ele-1:All FHIR elements must have a @value or children {hasValue() or (children().count() > id.count())}
","Event.status","n/a","FiveWs.status"
"PaymentNotice.request","PaymentNotice.request","","","",1,1,"","","","Reference {[]} {[CanonicalType[http://hl7.org/fhir/StructureDefinition/Resource]]}
","Request reference","Reference of resource for which payment is being made.","","","","","","","","","",,,,,"",,,,"PaymentNotice.request",0,1,"","ele-1:All FHIR elements must have a @value or children {hasValue() or (children().count() > id.count())}
","Event.basedOn","FiveWs.subject[x]","FiveWs.subject"
"PaymentNotice.response","PaymentNotice.response","","","",1,1,"","","","Reference {[]} {[CanonicalType[http://hl7.org/fhir/StructureDefinition/Resource]]}
","Response reference","Reference of response to resource for which payment is being made.","","","","","","","","","",,,,,"",,,,"PaymentNotice.response",0,1,"","ele-1:All FHIR elements must have a @value or children {hasValue() or (children().count() > id.count())}
","n/a","FiveWs.subject[x]","FiveWs.subject"
"PaymentNotice.created","PaymentNotice.created","","","",1,1,"","","Y","dateTime {[]} {[]}
","Creation date","The date when this resource was created.","","Need to record a timestamp for use by both the recipient and the issuer.","","","","","","","",,,,,"",,,,"PaymentNotice.created",1,1,"","ele-1:All FHIR elements must have a @value or children {hasValue() or (children().count() > id.count())}
","Event.occurrence[x]","n/a","FiveWs.recorded"
"PaymentNotice.provider","PaymentNotice.provider","","","",1,1,"","","","Reference {[]} {[CanonicalType[https://nrces.in/ndhm/fhir/r4/StructureDefinition/Practitioner], CanonicalType[https://nrces.in/ndhm/fhir/r4/StructureDefinition/PractitionerRole], CanonicalType[https://nrces.in/ndhm/fhir/r4/StructureDefinition/Organization]]}
","Responsible practitioner","The practitioner who is responsible for the services rendered to the patient.","","","","","","","","","",,,,,"",,,,"PaymentNotice.provider",0,1,"","ele-1:All FHIR elements must have a @value or children {hasValue() or (children().count() > id.count())}
","Event.performer","n/a","FiveWs.source","B01","B01"
"PaymentNotice.payment","PaymentNotice.payment","","","",1,1,"","","Y","Reference {[]} {[CanonicalType[https://ig.hcxprotocol.io/v0.7.1/StructureDefinition-PaymentReconciliation.html]]}
","Payment reference","A reference to the payment which is the subject of this notice.","","Need to identify the actual payment.","","","","","","","",,,,,"",,,,"PaymentNotice.payment",1,1,"","ele-1:All FHIR elements must have a @value or children {hasValue() or (children().count() > id.count())}
"
"PaymentNotice.paymentDate","PaymentNotice.paymentDate","","","",0,1,"","","","date {[]} {[]}
","Payment or clearing date","The date when the above payment action occurred.","","Need to convey the date when the action being notified occurred.","","","","","","","",,,,,"",,,,"PaymentNotice.paymentDate",0,1,"","ele-1:All FHIR elements must have a @value or children {hasValue() or (children().count() > id.count())}
"
"PaymentNotice.payee","PaymentNotice.payee","","","",0,1,"","","","Reference {[]} {[CanonicalType[https://nrces.in/ndhm/fhir/r4/StructureDefinition/Practitioner], CanonicalType[https://nrces.in/ndhm/fhir/r4/StructureDefinition/PractitionerRole], CanonicalType[https://nrces.in/ndhm/fhir/r4/StructureDefinition/Organization]]}
","Party being paid","The party who will receive or has received payment that is the subject of this notification.","","","","","","","","","",,,,,"",,,,"PaymentNotice.payee",0,1,"","ele-1:All FHIR elements must have a @value or children {hasValue() or (children().count() > id.count())}
"
"PaymentNotice.recipient","PaymentNotice.recipient","","","",1,1,"","","Y","Reference {[]} {[CanonicalType[https://nrces.in/ndhm/fhir/r4/StructureDefinition/Organization]]}
","Party being notified","The party who is notified of the payment status.","","Need to identified the recipient of the notification.","","","","","","","",,,,,"",,,,"PaymentNotice.recipient",1,1,"","ele-1:All FHIR elements must have a @value or children {hasValue() or (children().count() > id.count())}
","n/a"
"PaymentNotice.amount","PaymentNotice.amount","","","",1,1,"","","Y","Money {[]} {[]}
","Monetary amount of the payment","The amount sent to the payee.","","Provided for validation purposes.","","","","","","","",,,,,"",,,,"PaymentNotice.amount",1,1,"","ele-1:All FHIR elements must have a @value or children {hasValue() or (children().count() > id.count())}
"
"PaymentNotice.paymentStatus","PaymentNotice.paymentStatus","","","",0,1,"","","","CodeableConcept {[]} {[]}
","Issued or cleared Status of the payment","A code indicating whether payment has been sent or cleared.","Typically paid: payment sent, cleared: payment received.","The purpose of the notification.","","","","","","","",,"example","The payment conveyance status codes.","http://hl7.org/fhir/ValueSet/payment-status","",,,,"PaymentNotice.paymentStatus",0,1,"","ele-1:All FHIR elements must have a @value or children {hasValue() or (children().count() > id.count())}
","n/a"
