{
  "resourceType" : "Bundle",
  "id" : "CoverageEligibilityResponseDocument-example-01",
  "meta" : {
    "lastUpdated" : "2021-12-22T15:32:26.605+05:30"
  },
  "identifier" : {
    "system" : "https://www.tmh.in/bundle",
    "value" : "CoverageEligibilityResponseDocument-example-01"
  },
  "type" : "document",
  "timestamp" : "2021-12-22T15:32:26.605+05:30",
  "entry" : [{
    "fullUrl" : "Composition/42ff4a07-3e36-402f-a99e-29f16c0c9eee",
    "resource" : {
      "resourceType" : "Composition",
      "id" : "42ff4a07-3e36-402f-a99e-29f16c0c9eee",
      "text" : {
        "status" : "generated",
        "div" : "<div xmlns=\"http://www.w3.org/1999/xhtml\"> Coverage Eligibility Response document example</div>"
      },
      "identifier" : {
        "system" : "https://www.tmh.in/hcx-documents",
        "value" : "42ff4a07-3e36-402f-a99e-29f16c0c9eee"
      },
      "status" : "final",
      "type" : {
        "coding" : [{
          "system" : "https://hcx.org/document-types",
          "code" : "HCXCoverageElibilityResponse",
          "display" : "Coverage Eligibility Response"
        }]
      },
      "subject" : {
        "reference" : "Patient/RVH1003"
      },
      "date" : "2021-12-22T15:32:26.605+05:30",
      "author" : [{
        "reference" : "Practitioner/1"
      }],
      "title" : "Coverage Eligibility Response",
      "section" : [{
        "title" : "Coverage Eligibility Response",
        "code" : {
          "coding" : [{
            "system" : "https://www.hl7.org/fhir/valueset-resource-types",
            "code" : "CoverageEligibilityResponse",
            "display" : "Coverage Eligibility Response"
          }],
          "text" : "CoverageEligibilityResponse"
        },
        "entry" : [{
          "reference" : "CoverageEligibilityResponse/res-id-1"
        }]
      }]
    }
  },
  {
    "fullUrl" : "CoverageEligibilityResponse/res-id-1",
    "resource" : {
      "resourceType" : "CoverageEligibilityResponse",
      "id" : "res-id-1",
      "text" : {
        "status" : "generated",
        "div" : "<div xmlns=\"http://www.w3.org/1999/xhtml\"><p><b>Generated Narrative: CoverageEligibilityResponse</b><a name=\"res-id-1\"> </a></p><div style=\"display: inline-block; background-color: #d9e0e7; padding: 6px; margin: 4px; border: 1px solid #8da1b4; border-radius: 5px; line-height: 60%\"><p style=\"margin-bottom: 0px\">Resource CoverageEligibilityResponse &quot;res-id-1&quot; </p></div><p><b>identifier</b>: id: urn:uuiad:581da6a9</p><p><b>status</b>: active</p><p><b>purpose</b>: discovery, benefits</p><p><b>patient</b>: <a href=\"#Patient_1\">See above (Patient/1: Hina Patel)</a></p><p><b>serviced</b>: 2021-12-22 --&gt; 2021-12-25</p><p><b>created</b>: 2021-12-22</p><blockquote><p><b>insurance</b></p><p><b>coverage</b>: <a href=\"Coverage/9876B1\">Coverage/9876B1</a></p><p><b>inforce</b>: true</p><blockquote><p><b>item</b></p><p><b>category</b>: Health Benefit Plan Coverage <span style=\"background: LightGoldenRodYellow; margin: 4px; border: 1px solid khaki\"> (<a href=\"http://terminology.hl7.org/5.0.0/CodeSystem-ex-benefitcategory.html\">Benefit Category Codes</a>#30)</span></p><p><b>network</b>: In Network <span style=\"background: LightGoldenRodYellow; margin: 4px; border: 1px solid khaki\"> (<a href=\"http://terminology.hl7.org/5.0.0/CodeSystem-benefit-network.html\">Network Type Codes</a>#in)</span></p><p><b>unit</b>: Individual <span style=\"background: LightGoldenRodYellow; margin: 4px; border: 1px solid khaki\"> (<a href=\"http://terminology.hl7.org/5.0.0/CodeSystem-benefit-unit.html\">Unit Type Codes</a>#individual)</span></p><p><b>term</b>: Annual <span style=\"background: LightGoldenRodYellow; margin: 4px; border: 1px solid khaki\"> (<a href=\"http://terminology.hl7.org/5.0.0/CodeSystem-benefit-term.html\">Benefit Term Codes</a>#annual)</span></p><blockquote><p><b>benefit</b></p><p><b>type</b>: benefit <span style=\"background: LightGoldenRodYellow; margin: 4px; border: 1px solid khaki\"> ([not stated]#benefit)</span></p><p><b>allowed</b>: <span title=\"Indian Rupee\">₹500,000.00</span> (INR)</p></blockquote><blockquote><p><b>benefit</b></p><p><b>type</b>: copay-maximum <span style=\"background: LightGoldenRodYellow; margin: 4px; border: 1px solid khaki\"> ([not stated]#copay-maximum)</span></p><p><b>allowed</b>: <span title=\"Indian Rupee\">₹100.00</span> (INR)</p></blockquote><blockquote><p><b>benefit</b></p><p><b>type</b>: copay-percent <span style=\"background: LightGoldenRodYellow; margin: 4px; border: 1px solid khaki\"> ([not stated]#copay-percent)</span></p><p><b>allowed</b>: 20</p></blockquote></blockquote><blockquote><p><b>item</b></p><p><b>category</b>: Maternity <span style=\"background: LightGoldenRodYellow; margin: 4px; border: 1px solid khaki\"> (<a href=\"http://terminology.hl7.org/5.0.0/CodeSystem-ex-benefitcategory.html\">Benefit Category Codes</a>#69)</span></p><p><b>network</b>: In Network <span style=\"background: LightGoldenRodYellow; margin: 4px; border: 1px solid khaki\"> (<a href=\"http://terminology.hl7.org/5.0.0/CodeSystem-benefit-network.html\">Network Type Codes</a>#in)</span></p><p><b>unit</b>: Individual <span style=\"background: LightGoldenRodYellow; margin: 4px; border: 1px solid khaki\"> (<a href=\"http://terminology.hl7.org/5.0.0/CodeSystem-benefit-unit.html\">Unit Type Codes</a>#individual)</span></p><p><b>term</b>: Annual <span style=\"background: LightGoldenRodYellow; margin: 4px; border: 1px solid khaki\"> (<a href=\"http://terminology.hl7.org/5.0.0/CodeSystem-benefit-term.html\">Benefit Term Codes</a>#annual)</span></p><h3>Benefits</h3><table class=\"grid\"><tr><td>-</td><td><b>Type</b></td><td><b>Allowed[x]</b></td></tr><tr><td>*</td><td>benefit <span style=\"background: LightGoldenRodYellow; margin: 4px; border: 1px solid khaki\"> ([not stated]#benefit)</span></td><td><span title=\"Indian Rupee\">₹15,000.00</span> (INR)</td></tr></table></blockquote><blockquote><p><b>item</b></p><p><b>category</b>: Dental Coverage <span style=\"background: LightGoldenRodYellow; margin: 4px; border: 1px solid khaki\"> (<a href=\"http://terminology.hl7.org/5.0.0/CodeSystem-ex-benefitcategory.html\">Benefit Category Codes</a>#F3)</span></p><p><b>network</b>: In Network <span style=\"background: LightGoldenRodYellow; margin: 4px; border: 1px solid khaki\"> (<a href=\"http://terminology.hl7.org/5.0.0/CodeSystem-benefit-network.html\">Network Type Codes</a>#in)</span></p><p><b>unit</b>: Individual <span style=\"background: LightGoldenRodYellow; margin: 4px; border: 1px solid khaki\"> (<a href=\"http://terminology.hl7.org/5.0.0/CodeSystem-benefit-unit.html\">Unit Type Codes</a>#individual)</span></p><p><b>term</b>: Annual <span style=\"background: LightGoldenRodYellow; margin: 4px; border: 1px solid khaki\"> (<a href=\"http://terminology.hl7.org/5.0.0/CodeSystem-benefit-term.html\">Benefit Term Codes</a>#annual)</span></p><h3>Benefits</h3><table class=\"grid\"><tr><td>-</td><td><b>Type</b></td><td><b>Allowed[x]</b></td></tr><tr><td>*</td><td>benefit <span style=\"background: LightGoldenRodYellow; margin: 4px; border: 1px solid khaki\"> ([not stated]#benefit)</span></td><td><span title=\"Indian Rupee\">₹2,000.00</span> (INR)</td></tr></table></blockquote><blockquote><p><b>item</b></p><p><b>category</b>: Vision Coverage <span style=\"background: LightGoldenRodYellow; margin: 4px; border: 1px solid khaki\"> (<a href=\"http://terminology.hl7.org/5.0.0/CodeSystem-ex-benefitcategory.html\">Benefit Category Codes</a>#F6)</span></p><p><b>network</b>: In Network <span style=\"background: LightGoldenRodYellow; margin: 4px; border: 1px solid khaki\"> (<a href=\"http://terminology.hl7.org/5.0.0/CodeSystem-benefit-network.html\">Network Type Codes</a>#in)</span></p><p><b>unit</b>: Individual <span style=\"background: LightGoldenRodYellow; margin: 4px; border: 1px solid khaki\"> (<a href=\"http://terminology.hl7.org/5.0.0/CodeSystem-benefit-unit.html\">Unit Type Codes</a>#individual)</span></p><p><b>term</b>: Annual <span style=\"background: LightGoldenRodYellow; margin: 4px; border: 1px solid khaki\"> (<a href=\"http://terminology.hl7.org/5.0.0/CodeSystem-benefit-term.html\">Benefit Term Codes</a>#annual)</span></p><h3>Benefits</h3><table class=\"grid\"><tr><td>-</td><td><b>Type</b></td><td><b>Allowed[x]</b></td></tr><tr><td>*</td><td>benefit <span style=\"background: LightGoldenRodYellow; margin: 4px; border: 1px solid khaki\"> ([not stated]#benefit)</span></td><td><span title=\"Indian Rupee\">₹400.00</span> (INR)</td></tr></table></blockquote><blockquote><p><b>item</b></p><p><b>category</b>: Hospital Room and Board <span style=\"background: LightGoldenRodYellow; margin: 4px; border: 1px solid khaki\"> (<a href=\"http://terminology.hl7.org/5.0.0/CodeSystem-ex-benefitcategory.html\">Benefit Category Codes</a>#49)</span></p><p><b>network</b>: In Network <span style=\"background: LightGoldenRodYellow; margin: 4px; border: 1px solid khaki\"> (<a href=\"http://terminology.hl7.org/5.0.0/CodeSystem-benefit-network.html\">Network Type Codes</a>#in)</span></p><p><b>unit</b>: Individual <span style=\"background: LightGoldenRodYellow; margin: 4px; border: 1px solid khaki\"> (<a href=\"http://terminology.hl7.org/5.0.0/CodeSystem-benefit-unit.html\">Unit Type Codes</a>#individual)</span></p><p><b>term</b>: Day <span style=\"background: LightGoldenRodYellow; margin: 4px; border: 1px solid khaki\"> (<a href=\"http://terminology.hl7.org/5.0.0/CodeSystem-benefit-term.html\">Benefit Term Codes</a>#day)</span></p><blockquote><p><b>benefit</b></p><p><b>type</b>: room <span style=\"background: LightGoldenRodYellow; margin: 4px; border: 1px solid khaki\"> ([not stated]#room)</span></p><p><b>allowed</b>: shared</p></blockquote><blockquote><p><b>benefit</b></p><p><b>type</b>: benefit <span style=\"background: LightGoldenRodYellow; margin: 4px; border: 1px solid khaki\"> ([not stated]#benefit)</span></p><p><b>allowed</b>: <span title=\"Indian Rupee\">₹600.00</span> (INR)</p></blockquote></blockquote></blockquote></div>"
      },
      "identifier" : [{
        "system" : "urn:ietf:rfc:3986",
        "value" : "urn:uuiad:581da6a9"
      }],
      "status" : "active",
      "purpose" : ["discovery",
      "benefits"],
      "patient" : {
        "reference" : "Patient/1",
        "display" : "Hina Patel"
      },
      "servicedPeriod" : {
        "start" : "2021-12-22",
        "end" : "2021-12-25"
      },
      "created" : "2021-12-22",
      "insurance" : [{
        "coverage" : {
          "reference" : "Coverage/9876B1"
        },
        "inforce" : true,
        "item" : [{
          "category" : {
            "coding" : [{
              "system" : "http://terminology.hl7.org/CodeSystem/ex-benefitcategory",
              "code" : "30",
              "display" : "Health Benefit Plan Coverage"
            }]
          },
          "network" : {
            "coding" : [{
              "system" : "http://terminology.hl7.org/CodeSystem/benefit-network",
              "code" : "in"
            }]
          },
          "unit" : {
            "coding" : [{
              "system" : "http://terminology.hl7.org/CodeSystem/benefit-unit",
              "code" : "individual"
            }]
          },
          "term" : {
            "coding" : [{
              "system" : "http://terminology.hl7.org/CodeSystem/benefit-term",
              "code" : "annual"
            }]
          },
          "benefit" : [{
            "type" : {
              "coding" : [{
                "code" : "benefit"
              }]
            },
            "allowedMoney" : {
              "value" : 500000,
              "currency" : "INR"
            }
          },
          {
            "type" : {
              "coding" : [{
                "code" : "copay-maximum"
              }]
            },
            "allowedMoney" : {
              "value" : 100,
              "currency" : "INR"
            }
          },
          {
            "type" : {
              "coding" : [{
                "code" : "copay-percent"
              }]
            },
            "allowedUnsignedInt" : 20
          }]
        },
        {
          "category" : {
            "coding" : [{
              "system" : "http://terminology.hl7.org/CodeSystem/ex-benefitcategory",
              "code" : "69",
              "display" : "Maternity"
            }]
          },
          "network" : {
            "coding" : [{
              "system" : "http://terminology.hl7.org/CodeSystem/benefit-network",
              "code" : "in"
            }]
          },
          "unit" : {
            "coding" : [{
              "system" : "http://terminology.hl7.org/CodeSystem/benefit-unit",
              "code" : "individual"
            }]
          },
          "term" : {
            "coding" : [{
              "system" : "http://terminology.hl7.org/CodeSystem/benefit-term",
              "code" : "annual"
            }]
          },
          "benefit" : [{
            "type" : {
              "coding" : [{
                "code" : "benefit"
              }]
            },
            "allowedMoney" : {
              "value" : 15000,
              "currency" : "INR"
            }
          }]
        },
        {
          "category" : {
            "coding" : [{
              "system" : "http://terminology.hl7.org/CodeSystem/ex-benefitcategory",
              "code" : "F3",
              "display" : "Dental Coverage"
            }]
          },
          "network" : {
            "coding" : [{
              "system" : "http://terminology.hl7.org/CodeSystem/benefit-network",
              "code" : "in"
            }]
          },
          "unit" : {
            "coding" : [{
              "system" : "http://terminology.hl7.org/CodeSystem/benefit-unit",
              "code" : "individual"
            }]
          },
          "term" : {
            "coding" : [{
              "system" : "http://terminology.hl7.org/CodeSystem/benefit-term",
              "code" : "annual"
            }]
          },
          "benefit" : [{
            "type" : {
              "coding" : [{
                "code" : "benefit"
              }]
            },
            "allowedMoney" : {
              "value" : 2000,
              "currency" : "INR"
            }
          }]
        },
        {
          "category" : {
            "coding" : [{
              "system" : "http://terminology.hl7.org/CodeSystem/ex-benefitcategory",
              "code" : "F6",
              "display" : "Vision Coverage"
            }]
          },
          "network" : {
            "coding" : [{
              "system" : "http://terminology.hl7.org/CodeSystem/benefit-network",
              "code" : "in"
            }]
          },
          "unit" : {
            "coding" : [{
              "system" : "http://terminology.hl7.org/CodeSystem/benefit-unit",
              "code" : "individual"
            }]
          },
          "term" : {
            "coding" : [{
              "system" : "http://terminology.hl7.org/CodeSystem/benefit-term",
              "code" : "annual"
            }]
          },
          "benefit" : [{
            "type" : {
              "coding" : [{
                "code" : "benefit"
              }]
            },
            "allowedMoney" : {
              "value" : 400,
              "currency" : "INR"
            }
          }]
        },
        {
          "category" : {
            "coding" : [{
              "system" : "http://terminology.hl7.org/CodeSystem/ex-benefitcategory",
              "code" : "49",
              "display" : "Hospital Room and Board"
            }]
          },
          "network" : {
            "coding" : [{
              "system" : "http://terminology.hl7.org/CodeSystem/benefit-network",
              "code" : "in"
            }]
          },
          "unit" : {
            "coding" : [{
              "system" : "http://terminology.hl7.org/CodeSystem/benefit-unit",
              "code" : "individual"
            }]
          },
          "term" : {
            "coding" : [{
              "system" : "http://terminology.hl7.org/CodeSystem/benefit-term",
              "code" : "day"
            }]
          },
          "benefit" : [{
            "type" : {
              "coding" : [{
                "code" : "room"
              }]
            },
            "allowedString" : "shared"
          },
          {
            "type" : {
              "coding" : [{
                "code" : "benefit"
              }]
            },
            "allowedMoney" : {
              "value" : 600,
              "currency" : "INR"
            }
          }]
        }]
      }]
    }
  },
  {
    "fullUrl" : "Patient/1",
    "resource" : {
      "resourceType" : "Patient",
      "id" : "1",
      "text" : {
        "status" : "generated",
        "div" : "<div xmlns=\"http://www.w3.org/1999/xhtml\"><p><b>Generated Narrative: Patient</b><a name=\"1\"> </a></p><div style=\"display: inline-block; background-color: #d9e0e7; padding: 6px; margin: 4px; border: 1px solid #8da1b4; border-radius: 5px; line-height: 60%\"><p style=\"margin-bottom: 0px\">Resource Patient &quot;1&quot; </p></div><p><b>identifier</b>: PHRADDR: 654321, PMJAYID: QWRT12345</p><p><b>name</b>: Hina Patel (OFFICIAL)</p><p><b>gender</b>: female</p><p><b>birthDate</b>: 1974-12-25</p></div>"
      },
      "identifier" : [{
        "type" : {
          "coding" : [{
            "system" : "http://ndhm.gov.in/ValueSet/identifier-type",
            "code" : "PHRADDR"
          }]
        },
        "system" : "http://ndhm.gov.in/healthId",
        "value" : "654321"
      },
      {
        "type" : {
          "coding" : [{
            "system" : "http://ndhm.gov.in/ValueSet/identifier-type",
            "code" : "PMJAYID"
          }]
        },
        "system" : "http://ndhm.gov.in/pmjay",
        "value" : "QWRT12345"
      }],
      "name" : [{
        "use" : "official",
        "family" : "Patel",
        "given" : ["Hina"]
      }],
      "gender" : "female",
      "birthDate" : "1974-12-25"
    }
  },
  {
    "fullUrl" : "Organization/MaxSaket01",
    "resource" : {
      "resourceType" : "Organization",
      "id" : "MaxSaket01",
      "text" : {
        "status" : "generated",
        "div" : "<div xmlns=\"http://www.w3.org/1999/xhtml\"><p><b>Generated Narrative: Organization</b><a name=\"MaxSaket01\"> </a></p><div style=\"display: inline-block; background-color: #d9e0e7; padding: 6px; margin: 4px; border: 1px solid #8da1b4; border-radius: 5px; line-height: 60%\"><p style=\"margin-bottom: 0px\">Resource Organization &quot;MaxSaket01&quot; </p></div><p><b>identifier</b>: id: HFR-10000005</p><p><b>name</b>: Max Super Speciality Hospital, Saket</p></div>"
      },
      "identifier" : [{
        "system" : "https://ndhm.gov.in/hfr",
        "value" : "HFR-10000005"
      }],
      "name" : "Max Super Speciality Hospital, Saket"
    }
  },
  {
    "fullUrl" : "Organization/2",
    "resource" : {
      "resourceType" : "Organization",
      "id" : "2",
      "text" : {
        "status" : "generated",
        "div" : "<div xmlns=\"http://www.w3.org/1999/xhtml\"><p><b>Generated Narrative: Organization</b><a name=\"2\"> </a></p><div style=\"display: inline-block; background-color: #d9e0e7; padding: 6px; margin: 4px; border: 1px solid #8da1b4; border-radius: 5px; line-height: 60%\"><p style=\"margin-bottom: 0px\">Resource Organization &quot;2&quot; </p></div><p><b>identifier</b>: id: PMJAY</p><p><b>name</b>: PMJAY, MoHFW, Govt Of India</p></div>"
      },
      "identifier" : [{
        "system" : "https://hcx.org/orgs",
        "value" : "PMJAY"
      }],
      "name" : "PMJAY, MoHFW, Govt Of India"
    }
  },
  {
    "fullUrl" : "Practitioner/1",
    "resource" : {
      "resourceType" : "Practitioner",
      "id" : "1",
      "text" : {
        "status" : "generated",
        "div" : "<div xmlns=\"http://www.w3.org/1999/xhtml\"><p><b>Generated Narrative: Practitioner</b><a name=\"1\"> </a></p><div style=\"display: inline-block; background-color: #d9e0e7; padding: 6px; margin: 4px; border: 1px solid #8da1b4; border-radius: 5px; line-height: 60%\"><p style=\"margin-bottom: 0px\">Resource Practitioner &quot;1&quot; </p></div><p><b>identifier</b>: id: NPR-6897</p><p><b>name</b>: Sudhir Naik (PMJAY Gujrat)</p></div>"
      },
      "identifier" : [{
        "system" : "https://ndhm.gov.in/npr",
        "value" : "NPR-6897"
      }],
      "name" : [{
        "text" : "Sudhir Naik (PMJAY Gujrat)",
        "prefix" : ["Dr"],
        "suffix" : ["MD"]
      }]
    }
  }]
}