<?xml version="1.0" encoding="UTF-8"?><ValueSet xmlns="http://hl7.org/fhir"><id value="proof-of-presence-codes"/><text><status value="generated"/><div xmlns="http://www.w3.org/1999/xhtml"><p>This value set contains 2 concepts</p><table class="codes"><tr><td style="white-space:nowrap"><b>Code</b></td><td><b>System</b></td><td><b>Display</b></td></tr><tr><td style="white-space:nowrap"><a name="http---hcxprotocol.io-codes-proof-of-presence-codes-PoPr.locationPhoto"> </a>  PoPr.locationPhoto</td><td>http://hcxprotocol.io/codes/proof-of-presence-codes</td><td>Photo of the location with subject</td></tr><tr><td style="white-space:nowrap"><a name="http---hcxprotocol.io-codes-proof-of-presence-codes-PoPr.deviceLocation"> </a>  PoPr.deviceLocation</td><td>http://hcxprotocol.io/codes/proof-of-presence-codes</td><td>Real time geolocation from certified devices</td></tr></table></div></text><url value="https://ig.hcxprotocol.io/v0.7/ValueSet-proof-of-presence-codes.html"/><version value="0.7.0"/><name value="ProofOfPresenceCodes"/><status value="active"/><date value="2022-06-01"/><publisher value="HCX Open Community"/><contact><name value="HCX Open Community"/><telecom><system value="url"/><value value="http://hcxprotocol.io/"/></telecom></contact><description value="This is the value set listing the Proof of Presence codes"/><expansion><timestamp value="2022-06-01T08:15:30+05:30"/><contains><system value="http://hcxprotocol.io/codes/proof-of-presence-codes"/><code value="PoPr.locationPhoto"/><display value="Photo of the location with subject"/></contains><contains><system value="http://hcxprotocol.io/codes/proof-of-presence-codes"/><code value="PoPr.deviceLocation"/><display value="Real time geolocation from certified devices"/></contains></expansion></ValueSet>