{
  "resourceType": "ValueSet",
  "id": "claim-service-categories",
  "text": {
    "status": "generated",
    "div": "<div xmlns=\"http://www.w3.org/1999/xhtml\"><p>This value set contains 11 concepts</p><table class=\"codes\"><tr><td style=\"white-space:nowrap\"><b>Code</b></td><td><b>System</b></td><td><b>Display</b></td></tr><tr><td style=\"white-space:nowrap\"><a name=\"https---irdai.gov.in-benefit-billing-group-code-100000\"> </a>  100000</td><td>https://irdai.gov.in/benefit-billing-group-code</td><td>Room &amp; Nursing Charges</td></tr><tr><td style=\"white-space:nowrap\"><a name=\"https---irdai.gov.in-benefit-billing-group-code-200000\"> </a>  200000</td><td>https://irdai.gov.in/benefit-billing-group-code</td><td>ICU Charges</td></tr><tr><td style=\"white-space:nowrap\"><a name=\"https---irdai.gov.in-benefit-billing-group-code-300000\"> </a>  300000</td><td>https://irdai.gov.in/benefit-billing-group-code</td><td>OT Charges</td></tr><tr><td style=\"white-space:nowrap\"><a name=\"https---irdai.gov.in-benefit-billing-group-code-400000\"> </a>  400000</td><td>https://irdai.gov.in/benefit-billing-group-code</td><td>Medicine &amp; Consumables Charges</td></tr><tr><td style=\"white-space:nowrap\"><a name=\"https---irdai.gov.in-benefit-billing-group-code-500000\"> </a>  500000</td><td>https://irdai.gov.in/benefit-billing-group-code</td><td>Professional Fees Charges</td></tr><tr><td style=\"white-space:nowrap\"><a name=\"https---irdai.gov.in-benefit-billing-group-code-600000\"> </a>  600000</td><td>https://irdai.gov.in/benefit-billing-group-code</td><td>Investigation Charges</td></tr><tr><td style=\"white-space:nowrap\"><a name=\"https---irdai.gov.in-benefit-billing-group-code-700000\"> </a>  700000</td><td>https://irdai.gov.in/benefit-billing-group-code</td><td>Ambulance Charges</td></tr><tr><td style=\"white-space:nowrap\"><a name=\"https---irdai.gov.in-benefit-billing-group-code-800000\"> </a>  800000</td><td>https://irdai.gov.in/benefit-billing-group-code</td><td>Miscellaneous Charges</td></tr><tr><td style=\"white-space:nowrap\"><a name=\"https---irdai.gov.in-benefit-billing-group-code-900000\"> </a>  900000</td><td>https://irdai.gov.in/benefit-billing-group-code</td><td>Provider Package Charges</td></tr><tr><td style=\"white-space:nowrap\"><a name=\"https---pmjay.gov.in-benefit-billing-group-code-HBP\"> </a>  HBP</td><td>https://pmjay.gov.in/benefit-billing-group-code</td><td>NHA Package Charges</td></tr><tr><td style=\"white-space:nowrap\"><a name=\"https---mjpjay.gov.in-benefit-billing-group-code-MJPJAY\"> </a>  MJPJAY</td><td>https://mjpjay.gov.in/benefit-billing-group-code</td><td>Mahatma Jyotibha Phule PMJAY Package Charges</td></tr></table></div>"
  },
  "url": "https://ig.hcxprotocol.io/v0.7/ValueSet-claim-service-categories.html",
  "version": "0.7.0",
  "name": "ClaimServiceCategories",
  "status": "active",
  "date": "2021-08-15",
  "publisher": "HCX Open Community",
  "contact": [
    {
      "name": "HCX Open Community",
      "telecom": [
        {
          "system": "url",
          "value": "http://hcxprotocol.io/"
        }
      ]
    }
  ],
  "description": "This is the value set that includes the codes to identify the general type of benefits under which products and services are provided",
  "expansion": {
    "timestamp": "2021-08-15T08:15:30+05:30",
    "contains": [
      {
        "system": "https://irdai.gov.in/benefit-billing-group-code",
        "code": "100000",
        "display": "Room & Nursing Charges"
      },
      {
        "system": "https://irdai.gov.in/benefit-billing-group-code",
        "code": "200000",
        "display": "ICU Charges"
      },
      {
        "system": "https://irdai.gov.in/benefit-billing-group-code",
        "code": "300000",
        "display": "OT Charges"
      },
      {
        "system": "https://irdai.gov.in/benefit-billing-group-code",
        "code": "400000",
        "display": "Medicine & Consumables Charges"
      },
      {
        "system": "https://irdai.gov.in/benefit-billing-group-code",
        "code": "500000",
        "display": "Professional Fees Charges"
      },
      {
        "system": "https://irdai.gov.in/benefit-billing-group-code",
        "code": "600000",
        "display": "Investigation Charges"
      },
      {
        "system": "https://irdai.gov.in/benefit-billing-group-code",
        "code": "700000",
        "display": "Ambulance Charges"
      },
      {
        "system": "https://irdai.gov.in/benefit-billing-group-code",
        "code": "800000",
        "display": "Miscellaneous Charges"
      },
      {
        "system": "https://irdai.gov.in/benefit-billing-group-code",
        "code": "900000",
        "display": "Provider Package Charges"
      },
      {
        "system": "https://pmjay.gov.in/benefit-billing-group-code",
        "code": "HBP",
        "display": "NHA Package Charges"
      },
      {
        "system": "https://mjpjay.gov.in/benefit-billing-group-code",
        "code": "MJPJAY",
        "display": "Mahatma Jyotibha Phule PMJAY Package Charges"
      }
    ]
  }
}