{
  "resourceType": "ValueSet",
  "id": "billing-subgroup-categories",
  "text": {
    "status": "generated",
    "div": "<div xmlns=\"http://www.w3.org/1999/xhtml\"><p>This value set contains 118 concepts</p><table class=\"codes\"><tr><td style=\"white-space:nowrap\"><b>Code</b></td><td><b>System</b></td><td><b>Display</b></td></tr><tr><td style=\"white-space:nowrap\"><a name=\"https---irdai.gov.in-benefit-billing-subgroup-code-101000\"> </a>  101000</td><td>https://irdai.gov.in/benefit-billing-subgroup-code</td><td>Room Charges</td></tr><tr><td style=\"white-space:nowrap\"><a name=\"https---irdai.gov.in-benefit-billing-subgroup-code-102000\"> </a>  102000</td><td>https://irdai.gov.in/benefit-billing-subgroup-code</td><td>Nursing charges</td></tr><tr><td style=\"white-space:nowrap\"><a name=\"https---irdai.gov.in-benefit-billing-subgroup-code-103000\"> </a>  103000</td><td>https://irdai.gov.in/benefit-billing-subgroup-code</td><td>Duty Doctor fee</td></tr><tr><td style=\"white-space:nowrap\"><a name=\"https---irdai.gov.in-benefit-billing-subgroup-code-104000\"> </a>  104000</td><td>https://irdai.gov.in/benefit-billing-subgroup-code</td><td>Monitor charges</td></tr><tr><td style=\"white-space:nowrap\"><a name=\"https---irdai.gov.in-benefit-billing-subgroup-code-201000\"> </a>  201000</td><td>https://irdai.gov.in/benefit-billing-subgroup-code</td><td>ICU Charges</td></tr><tr><td style=\"white-space:nowrap\"><a name=\"https---irdai.gov.in-benefit-billing-subgroup-code-202000\"> </a>  202000</td><td>https://irdai.gov.in/benefit-billing-subgroup-code</td><td>ICU Nursing charges</td></tr><tr><td style=\"white-space:nowrap\"><a name=\"https---irdai.gov.in-benefit-billing-subgroup-code-203000\"> </a>  203000</td><td>https://irdai.gov.in/benefit-billing-subgroup-code</td><td>Monitor charges</td></tr><tr><td style=\"white-space:nowrap\"><a name=\"https---irdai.gov.in-benefit-billing-subgroup-code-204000\"> </a>  204000</td><td>https://irdai.gov.in/benefit-billing-subgroup-code</td><td>ICU Supplies &amp; equipment</td></tr><tr><td style=\"white-space:nowrap\"><a name=\"https---irdai.gov.in-benefit-billing-subgroup-code-301000\"> </a>  301000</td><td>https://irdai.gov.in/benefit-billing-subgroup-code</td><td>OT rent</td></tr><tr><td style=\"white-space:nowrap\"><a name=\"https---irdai.gov.in-benefit-billing-subgroup-code-302000\"> </a>  302000</td><td>https://irdai.gov.in/benefit-billing-subgroup-code</td><td>OT Equipment charges</td></tr><tr><td style=\"white-space:nowrap\"><a name=\"https---irdai.gov.in-benefit-billing-subgroup-code-303000\"> </a>  303000</td><td>https://irdai.gov.in/benefit-billing-subgroup-code</td><td>OT Drugs &amp; Consumables</td></tr><tr><td style=\"white-space:nowrap\"><a name=\"https---irdai.gov.in-benefit-billing-subgroup-code-304000\"> </a>  304000</td><td>https://irdai.gov.in/benefit-billing-subgroup-code</td><td>OT Sterilization</td></tr><tr><td style=\"white-space:nowrap\"><a name=\"https---irdai.gov.in-benefit-billing-subgroup-code-401000\"> </a>  401000</td><td>https://irdai.gov.in/benefit-billing-subgroup-code</td><td>Medicine &amp;\nConsumables charges</td></tr><tr><td style=\"white-space:nowrap\"><a name=\"https---irdai.gov.in-benefit-billing-subgroup-code-501000\"> </a>  501000</td><td>https://irdai.gov.in/benefit-billing-subgroup-code</td><td>Visit charges</td></tr><tr><td style=\"white-space:nowrap\"><a name=\"https---irdai.gov.in-benefit-billing-subgroup-code-502000\"> </a>  502000</td><td>https://irdai.gov.in/benefit-billing-subgroup-code</td><td>Surgery Charges</td></tr><tr><td style=\"white-space:nowrap\"><a name=\"https---irdai.gov.in-benefit-billing-subgroup-code-503000\"> </a>  503000</td><td>https://irdai.gov.in/benefit-billing-subgroup-code</td><td>Anaesthetists fee</td></tr><tr><td style=\"white-space:nowrap\"><a name=\"https---irdai.gov.in-benefit-billing-subgroup-code-504000\"> </a>  504000</td><td>https://irdai.gov.in/benefit-billing-subgroup-code</td><td>Intensivist Charges</td></tr><tr><td style=\"white-space:nowrap\"><a name=\"https---irdai.gov.in-benefit-billing-subgroup-code-505000\"> </a>  505000</td><td>https://irdai.gov.in/benefit-billing-subgroup-code</td><td>Technician Charges</td></tr><tr><td style=\"white-space:nowrap\"><a name=\"https---irdai.gov.in-benefit-billing-subgroup-code-506000\"> </a>  506000</td><td>https://irdai.gov.in/benefit-billing-subgroup-code</td><td>Physiotherapy</td></tr><tr><td style=\"white-space:nowrap\"><a name=\"https---irdai.gov.in-benefit-billing-subgroup-code-507000\"> </a>  507000</td><td>https://irdai.gov.in/benefit-billing-subgroup-code</td><td>Procedure charges</td></tr><tr><td style=\"white-space:nowrap\"><a name=\"https---irdai.gov.in-benefit-billing-subgroup-code-601000\"> </a>  601000</td><td>https://irdai.gov.in/benefit-billing-subgroup-code</td><td>Bio Chemistry</td></tr><tr><td style=\"white-space:nowrap\"><a name=\"https---irdai.gov.in-benefit-billing-subgroup-code-602000\"> </a>  602000</td><td>https://irdai.gov.in/benefit-billing-subgroup-code</td><td>Cardiology charges</td></tr><tr><td style=\"white-space:nowrap\"><a name=\"https---irdai.gov.in-benefit-billing-subgroup-code-603000\"> </a>  603000</td><td>https://irdai.gov.in/benefit-billing-subgroup-code</td><td>Haemotology charges</td></tr><tr><td style=\"white-space:nowrap\"><a name=\"https---irdai.gov.in-benefit-billing-subgroup-code-604000\"> </a>  604000</td><td>https://irdai.gov.in/benefit-billing-subgroup-code</td><td>Microbiology charges</td></tr><tr><td style=\"white-space:nowrap\"><a name=\"https---irdai.gov.in-benefit-billing-subgroup-code-605000\"> </a>  605000</td><td>https://irdai.gov.in/benefit-billing-subgroup-code</td><td>Neurology</td></tr><tr><td style=\"white-space:nowrap\"><a name=\"https---irdai.gov.in-benefit-billing-subgroup-code-606000\"> </a>  606000</td><td>https://irdai.gov.in/benefit-billing-subgroup-code</td><td>Nuclear medicine</td></tr><tr><td style=\"white-space:nowrap\"><a name=\"https---irdai.gov.in-benefit-billing-subgroup-code-607000\"> </a>  607000</td><td>https://irdai.gov.in/benefit-billing-subgroup-code</td><td>Pathology charges</td></tr><tr><td style=\"white-space:nowrap\"><a name=\"https---irdai.gov.in-benefit-billing-subgroup-code-608000\"> </a>  608000</td><td>https://irdai.gov.in/benefit-billing-subgroup-code</td><td>Radiology services</td></tr><tr><td style=\"white-space:nowrap\"><a name=\"https---irdai.gov.in-benefit-billing-subgroup-code-609000\"> </a>  609000</td><td>https://irdai.gov.in/benefit-billing-subgroup-code</td><td>Serology charges</td></tr><tr><td style=\"white-space:nowrap\"><a name=\"https---irdai.gov.in-benefit-billing-subgroup-code-610000\"> </a>  610000</td><td>https://irdai.gov.in/benefit-billing-subgroup-code</td><td>Medical Genetics</td></tr><tr><td style=\"white-space:nowrap\"><a name=\"https---irdai.gov.in-benefit-billing-subgroup-code-611000\"> </a>  611000</td><td>https://irdai.gov.in/benefit-billing-subgroup-code</td><td>Profiles</td></tr><tr><td style=\"white-space:nowrap\"><a name=\"https---irdai.gov.in-benefit-billing-subgroup-code-701000\"> </a>  701000</td><td>https://irdai.gov.in/benefit-billing-subgroup-code</td><td>Ambulance Charges</td></tr><tr><td style=\"white-space:nowrap\"><a name=\"https---irdai.gov.in-benefit-billing-subgroup-code-801000\"> </a>  801000</td><td>https://irdai.gov.in/benefit-billing-subgroup-code</td><td>Admission charges</td></tr><tr><td style=\"white-space:nowrap\"><a name=\"https---irdai.gov.in-benefit-billing-subgroup-code-802000\"> </a>  802000</td><td>https://irdai.gov.in/benefit-billing-subgroup-code</td><td>Attendant food charges</td></tr><tr><td style=\"white-space:nowrap\"><a name=\"https---irdai.gov.in-benefit-billing-subgroup-code-803000\"> </a>  803000</td><td>https://irdai.gov.in/benefit-billing-subgroup-code</td><td>Patient food charges</td></tr><tr><td style=\"white-space:nowrap\"><a name=\"https---irdai.gov.in-benefit-billing-subgroup-code-804000\"> </a>  804000</td><td>https://irdai.gov.in/benefit-billing-subgroup-code</td><td>Registration charges</td></tr><tr><td style=\"white-space:nowrap\"><a name=\"https---irdai.gov.in-benefit-billing-subgroup-code-805000\"> </a>  805000</td><td>https://irdai.gov.in/benefit-billing-subgroup-code</td><td>MRD Charges</td></tr><tr><td style=\"white-space:nowrap\"><a name=\"https---irdai.gov.in-benefit-billing-subgroup-code-806000\"> </a>  806000</td><td>https://irdai.gov.in/benefit-billing-subgroup-code</td><td>Documentation charges</td></tr><tr><td style=\"white-space:nowrap\"><a name=\"https---irdai.gov.in-benefit-billing-subgroup-code-807000\"> </a>  807000</td><td>https://irdai.gov.in/benefit-billing-subgroup-code</td><td>Telephone charges</td></tr><tr><td style=\"white-space:nowrap\"><a name=\"https---irdai.gov.in-benefit-billing-subgroup-code-808000\"> </a>  808000</td><td>https://irdai.gov.in/benefit-billing-subgroup-code</td><td>Bio Medical Waste Charges</td></tr><tr><td style=\"white-space:nowrap\"><a name=\"https---irdai.gov.in-benefit-billing-subgroup-code-809000\"> </a>  809000</td><td>https://irdai.gov.in/benefit-billing-subgroup-code</td><td>Taxes</td></tr><tr><td style=\"white-space:nowrap\"><a name=\"https---irdai.gov.in-benefit-billing-subgroup-packagecode-901000\"> </a>  901000</td><td>https://irdai.gov.in/benefit-billing-subgroup-packagecode</td><td>Cardiac Surgery</td></tr><tr><td style=\"white-space:nowrap\"><a name=\"https---irdai.gov.in-benefit-billing-subgroup-packagecode-902000\"> </a>  902000</td><td>https://irdai.gov.in/benefit-billing-subgroup-packagecode</td><td>CardiologyPackage s</td></tr><tr><td style=\"white-space:nowrap\"><a name=\"https---irdai.gov.in-benefit-billing-subgroup-packagecode-903000\"> </a>  903000</td><td>https://irdai.gov.in/benefit-billing-subgroup-packagecode</td><td>Cath Lab</td></tr><tr><td style=\"white-space:nowrap\"><a name=\"https---irdai.gov.in-benefit-billing-subgroup-packagecode-904000\"> </a>  904000</td><td>https://irdai.gov.in/benefit-billing-subgroup-packagecode</td><td>Dental Procedures</td></tr><tr><td style=\"white-space:nowrap\"><a name=\"https---irdai.gov.in-benefit-billing-subgroup-packagecode-905000\"> </a>  905000</td><td>https://irdai.gov.in/benefit-billing-subgroup-packagecode</td><td>ENT</td></tr><tr><td style=\"white-space:nowrap\"><a name=\"https---irdai.gov.in-benefit-billing-subgroup-packagecode-906000\"> </a>  906000</td><td>https://irdai.gov.in/benefit-billing-subgroup-packagecode</td><td>Gastroenterology</td></tr><tr><td style=\"white-space:nowrap\"><a name=\"https---irdai.gov.in-benefit-billing-subgroup-packagecode-907000\"> </a>  907000</td><td>https://irdai.gov.in/benefit-billing-subgroup-packagecode</td><td>General Surgery</td></tr><tr><td style=\"white-space:nowrap\"><a name=\"https---irdai.gov.in-benefit-billing-subgroup-packagecode-908000\"> </a>  908000</td><td>https://irdai.gov.in/benefit-billing-subgroup-packagecode</td><td>Gynaecology</td></tr><tr><td style=\"white-space:nowrap\"><a name=\"https---irdai.gov.in-benefit-billing-subgroup-packagecode-909000\"> </a>  909000</td><td>https://irdai.gov.in/benefit-billing-subgroup-packagecode</td><td>Nephrology</td></tr><tr><td style=\"white-space:nowrap\"><a name=\"https---irdai.gov.in-benefit-billing-subgroup-packagecode-910000\"> </a>  910000</td><td>https://irdai.gov.in/benefit-billing-subgroup-packagecode</td><td>Neuro Surgery</td></tr><tr><td style=\"white-space:nowrap\"><a name=\"https---irdai.gov.in-benefit-billing-subgroup-packagecode-911000\"> </a>  911000</td><td>https://irdai.gov.in/benefit-billing-subgroup-packagecode</td><td>Oncology Procedures</td></tr><tr><td style=\"white-space:nowrap\"><a name=\"https---irdai.gov.in-benefit-billing-subgroup-packagecode-912000\"> </a>  912000</td><td>https://irdai.gov.in/benefit-billing-subgroup-packagecode</td><td>Opthalmology\nprocedures</td></tr><tr><td style=\"white-space:nowrap\"><a name=\"https---irdai.gov.in-benefit-billing-subgroup-packagecode-913000\"> </a>  913000</td><td>https://irdai.gov.in/benefit-billing-subgroup-packagecode</td><td>Orthopaedic Surgery</td></tr><tr><td style=\"white-space:nowrap\"><a name=\"https---irdai.gov.in-benefit-billing-subgroup-packagecode-914000\"> </a>  914000</td><td>https://irdai.gov.in/benefit-billing-subgroup-packagecode</td><td>Plastic Surgery</td></tr><tr><td style=\"white-space:nowrap\"><a name=\"https---irdai.gov.in-benefit-billing-subgroup-packagecode-915000\"> </a>  915000</td><td>https://irdai.gov.in/benefit-billing-subgroup-packagecode</td><td>Pulmonology Packages</td></tr><tr><td style=\"white-space:nowrap\"><a name=\"https---irdai.gov.in-benefit-billing-subgroup-packagecode-916000\"> </a>  916000</td><td>https://irdai.gov.in/benefit-billing-subgroup-packagecode</td><td>Urology</td></tr><tr><td style=\"white-space:nowrap\"><a name=\"https---irdai.gov.in-benefit-billing-subgroup-packagecode-917000\"> </a>  917000</td><td>https://irdai.gov.in/benefit-billing-subgroup-packagecode</td><td>Vascular Surgery</td></tr><tr><td style=\"white-space:nowrap\"><a name=\"https---pmjay.gov.in-benefit-billing-subgroup-packagecode-BM\"> </a>  BM</td><td>https://pmjay.gov.in/benefit-billing-subgroup-packagecode</td><td>Burns Management</td></tr><tr><td style=\"white-space:nowrap\"><a name=\"https---pmjay.gov.in-benefit-billing-subgroup-packagecode-ER\"> </a>  ER</td><td>https://pmjay.gov.in/benefit-billing-subgroup-packagecode</td><td>Emergency</td></tr><tr><td style=\"white-space:nowrap\"><a name=\"https---pmjay.gov.in-benefit-billing-subgroup-packagecode-ID\"> </a>  ID</td><td>https://pmjay.gov.in/benefit-billing-subgroup-packagecode</td><td>Infectious Diseases</td></tr><tr><td style=\"white-space:nowrap\"><a name=\"https---pmjay.gov.in-benefit-billing-subgroup-packagecode-IN\"> </a>  IN</td><td>https://pmjay.gov.in/benefit-billing-subgroup-packagecode</td><td>Interventional Neuroradiology</td></tr><tr><td style=\"white-space:nowrap\"><a name=\"https---pmjay.gov.in-benefit-billing-subgroup-packagecode-MC\"> </a>  MC</td><td>https://pmjay.gov.in/benefit-billing-subgroup-packagecode</td><td>Cardiology</td></tr><tr><td style=\"white-space:nowrap\"><a name=\"https---pmjay.gov.in-benefit-billing-subgroup-packagecode-MG\"> </a>  MG</td><td>https://pmjay.gov.in/benefit-billing-subgroup-packagecode</td><td>General Medicine</td></tr><tr><td style=\"white-space:nowrap\"><a name=\"https---pmjay.gov.in-benefit-billing-subgroup-packagecode-MM\"> </a>  MM</td><td>https://pmjay.gov.in/benefit-billing-subgroup-packagecode</td><td>Mental Disorders</td></tr><tr><td style=\"white-space:nowrap\"><a name=\"https---pmjay.gov.in-benefit-billing-subgroup-packagecode-MN\"> </a>  MN</td><td>https://pmjay.gov.in/benefit-billing-subgroup-packagecode</td><td>Neo - natal Care</td></tr><tr><td style=\"white-space:nowrap\"><a name=\"https---pmjay.gov.in-benefit-billing-subgroup-packagecode-MO\"> </a>  MO</td><td>https://pmjay.gov.in/benefit-billing-subgroup-packagecode</td><td>Medical Oncology</td></tr><tr><td style=\"white-space:nowrap\"><a name=\"https---pmjay.gov.in-benefit-billing-subgroup-packagecode-MP\"> </a>  MP</td><td>https://pmjay.gov.in/benefit-billing-subgroup-packagecode</td><td>Pediatric Medical Management</td></tr><tr><td style=\"white-space:nowrap\"><a name=\"https---pmjay.gov.in-benefit-billing-subgroup-packagecode-MR\"> </a>  MR</td><td>https://pmjay.gov.in/benefit-billing-subgroup-packagecode</td><td>Radiation Oncology</td></tr><tr><td style=\"white-space:nowrap\"><a name=\"https---pmjay.gov.in-benefit-billing-subgroup-packagecode-OT\"> </a>  OT</td><td>https://pmjay.gov.in/benefit-billing-subgroup-packagecode</td><td>Organ and Tissue Transplant</td></tr><tr><td style=\"white-space:nowrap\"><a name=\"https---pmjay.gov.in-benefit-billing-subgroup-packagecode-SB\"> </a>  SB</td><td>https://pmjay.gov.in/benefit-billing-subgroup-packagecode</td><td>Orthopedics</td></tr><tr><td style=\"white-space:nowrap\"><a name=\"https---pmjay.gov.in-benefit-billing-subgroup-packagecode-SC\"> </a>  SC</td><td>https://pmjay.gov.in/benefit-billing-subgroup-packagecode</td><td>Surgical Oncology</td></tr><tr><td style=\"white-space:nowrap\"><a name=\"https---pmjay.gov.in-benefit-billing-subgroup-packagecode-SE\"> </a>  SE</td><td>https://pmjay.gov.in/benefit-billing-subgroup-packagecode</td><td>Ophthalmology</td></tr><tr><td style=\"white-space:nowrap\"><a name=\"https---pmjay.gov.in-benefit-billing-subgroup-packagecode-SG\"> </a>  SG</td><td>https://pmjay.gov.in/benefit-billing-subgroup-packagecode</td><td>General Surgery</td></tr><tr><td style=\"white-space:nowrap\"><a name=\"https---pmjay.gov.in-benefit-billing-subgroup-packagecode-SL\"> </a>  SL</td><td>https://pmjay.gov.in/benefit-billing-subgroup-packagecode</td><td>ENT</td></tr><tr><td style=\"white-space:nowrap\"><a name=\"https---pmjay.gov.in-benefit-billing-subgroup-packagecode-SM\"> </a>  SM</td><td>https://pmjay.gov.in/benefit-billing-subgroup-packagecode</td><td>Oral &amp; Maxillofacial Surgery</td></tr><tr><td style=\"white-space:nowrap\"><a name=\"https---pmjay.gov.in-benefit-billing-subgroup-packagecode-SN\"> </a>  SN</td><td>https://pmjay.gov.in/benefit-billing-subgroup-packagecode</td><td>Neurosurgery</td></tr><tr><td style=\"white-space:nowrap\"><a name=\"https---pmjay.gov.in-benefit-billing-subgroup-packagecode-SO\"> </a>  SO</td><td>https://pmjay.gov.in/benefit-billing-subgroup-packagecode</td><td>Obstetrics &amp; Gynecology</td></tr><tr><td style=\"white-space:nowrap\"><a name=\"https---pmjay.gov.in-benefit-billing-subgroup-packagecode-SP\"> </a>  SP</td><td>https://pmjay.gov.in/benefit-billing-subgroup-packagecode</td><td>Plastic &amp; Reconstructive Surgery</td></tr><tr><td style=\"white-space:nowrap\"><a name=\"https---pmjay.gov.in-benefit-billing-subgroup-packagecode-SS\"> </a>  SS</td><td>https://pmjay.gov.in/benefit-billing-subgroup-packagecode</td><td>Pediatric Surgery</td></tr><tr><td style=\"white-space:nowrap\"><a name=\"https---pmjay.gov.in-benefit-billing-subgroup-packagecode-ST\"> </a>  ST</td><td>https://pmjay.gov.in/benefit-billing-subgroup-packagecode</td><td>Polytrauma, Orthopedics, Neurosurgery, General Surgery</td></tr><tr><td style=\"white-space:nowrap\"><a name=\"https---pmjay.gov.in-benefit-billing-subgroup-packagecode-SU\"> </a>  SU</td><td>https://pmjay.gov.in/benefit-billing-subgroup-packagecode</td><td>Urology</td></tr><tr><td style=\"white-space:nowrap\"><a name=\"https---pmjay.gov.in-benefit-billing-subgroup-packagecode-SV\"> </a>  SV</td><td>https://pmjay.gov.in/benefit-billing-subgroup-packagecode</td><td>CTVS</td></tr><tr><td style=\"white-space:nowrap\"><a name=\"https---pmjay.gov.in-benefit-billing-subgroup-packagecode-US\"> </a>  US</td><td>https://pmjay.gov.in/benefit-billing-subgroup-packagecode</td><td>Unspecified Surgical Package</td></tr><tr><td style=\"white-space:nowrap\"><a name=\"https---mjpjay.gov.in-benefit-billing-subgroup-packagecode-M1\"> </a>  M1</td><td>https://mjpjay.gov.in/benefit-billing-subgroup-packagecode</td><td>Medical Oncology</td></tr><tr><td style=\"white-space:nowrap\"><a name=\"https---mjpjay.gov.in-benefit-billing-subgroup-packagecode-M10\"> </a>  M10</td><td>https://mjpjay.gov.in/benefit-billing-subgroup-packagecode</td><td>Pulmonology</td></tr><tr><td style=\"white-space:nowrap\"><a name=\"https---mjpjay.gov.in-benefit-billing-subgroup-packagecode-M11\"> </a>  M11</td><td>https://mjpjay.gov.in/benefit-billing-subgroup-packagecode</td><td>Dermatology</td></tr><tr><td style=\"white-space:nowrap\"><a name=\"https---mjpjay.gov.in-benefit-billing-subgroup-packagecode-M12\"> </a>  M12</td><td>https://mjpjay.gov.in/benefit-billing-subgroup-packagecode</td><td>Rheumatology</td></tr><tr><td style=\"white-space:nowrap\"><a name=\"https---mjpjay.gov.in-benefit-billing-subgroup-packagecode-M13\"> </a>  M13</td><td>https://mjpjay.gov.in/benefit-billing-subgroup-packagecode</td><td>Endocrinology</td></tr><tr><td style=\"white-space:nowrap\"><a name=\"https---mjpjay.gov.in-benefit-billing-subgroup-packagecode-M14\"> </a>  M14</td><td>https://mjpjay.gov.in/benefit-billing-subgroup-packagecode</td><td>Gastroenterology</td></tr><tr><td style=\"white-space:nowrap\"><a name=\"https---mjpjay.gov.in-benefit-billing-subgroup-packagecode-M15\"> </a>  M15</td><td>https://mjpjay.gov.in/benefit-billing-subgroup-packagecode</td><td>Interventional Radiology</td></tr><tr><td style=\"white-space:nowrap\"><a name=\"https---mjpjay.gov.in-benefit-billing-subgroup-packagecode-M16\"> </a>  M16</td><td>https://mjpjay.gov.in/benefit-billing-subgroup-packagecode</td><td>GENERAL MEDICINE</td></tr><tr><td style=\"white-space:nowrap\"><a name=\"https---mjpjay.gov.in-benefit-billing-subgroup-packagecode-M17\"> </a>  M17</td><td>https://mjpjay.gov.in/benefit-billing-subgroup-packagecode</td><td>Mental Disorders Packages</td></tr><tr><td style=\"white-space:nowrap\"><a name=\"https---mjpjay.gov.in-benefit-billing-subgroup-packagecode-M18\"> </a>  M18</td><td>https://mjpjay.gov.in/benefit-billing-subgroup-packagecode</td><td>Hematology</td></tr><tr><td style=\"white-space:nowrap\"><a name=\"https---mjpjay.gov.in-benefit-billing-subgroup-packagecode-M2\"> </a>  M2</td><td>https://mjpjay.gov.in/benefit-billing-subgroup-packagecode</td><td>Radiation Oncology</td></tr><tr><td style=\"white-space:nowrap\"><a name=\"https---mjpjay.gov.in-benefit-billing-subgroup-packagecode-M3\"> </a>  M3</td><td>https://mjpjay.gov.in/benefit-billing-subgroup-packagecode</td><td>Critical Care</td></tr><tr><td style=\"white-space:nowrap\"><a name=\"https---mjpjay.gov.in-benefit-billing-subgroup-packagecode-M5\"> </a>  M5</td><td>https://mjpjay.gov.in/benefit-billing-subgroup-packagecode</td><td>Infectious Diseases</td></tr><tr><td style=\"white-space:nowrap\"><a name=\"https---mjpjay.gov.in-benefit-billing-subgroup-packagecode-M6\"> </a>  M6</td><td>https://mjpjay.gov.in/benefit-billing-subgroup-packagecode</td><td>Pediatrics Medical Management</td></tr><tr><td style=\"white-space:nowrap\"><a name=\"https---mjpjay.gov.in-benefit-billing-subgroup-packagecode-M7\"> </a>  M7</td><td>https://mjpjay.gov.in/benefit-billing-subgroup-packagecode</td><td>Cardiology</td></tr><tr><td style=\"white-space:nowrap\"><a name=\"https---mjpjay.gov.in-benefit-billing-subgroup-packagecode-M8\"> </a>  M8</td><td>https://mjpjay.gov.in/benefit-billing-subgroup-packagecode</td><td>Nephrology</td></tr><tr><td style=\"white-space:nowrap\"><a name=\"https---mjpjay.gov.in-benefit-billing-subgroup-packagecode-M9\"> </a>  M9</td><td>https://mjpjay.gov.in/benefit-billing-subgroup-packagecode</td><td>Neurology</td></tr><tr><td style=\"white-space:nowrap\"><a name=\"https---mjpjay.gov.in-benefit-billing-subgroup-packagecode-S10\"> </a>  S10</td><td>https://mjpjay.gov.in/benefit-billing-subgroup-packagecode</td><td>Neurosurgery</td></tr><tr><td style=\"white-space:nowrap\"><a name=\"https---mjpjay.gov.in-benefit-billing-subgroup-packagecode-S11\"> </a>  S11</td><td>https://mjpjay.gov.in/benefit-billing-subgroup-packagecode</td><td>Surgical Oncology</td></tr><tr><td style=\"white-space:nowrap\"><a name=\"https---mjpjay.gov.in-benefit-billing-subgroup-packagecode-S1\"> </a>  S1</td><td>https://mjpjay.gov.in/benefit-billing-subgroup-packagecode</td><td>General Surgery</td></tr><tr><td style=\"white-space:nowrap\"><a name=\"https---mjpjay.gov.in-benefit-billing-subgroup-packagecode-S12\"> </a>  S12</td><td>https://mjpjay.gov.in/benefit-billing-subgroup-packagecode</td><td>Plastic Surgery</td></tr><tr><td style=\"white-space:nowrap\"><a name=\"https---mjpjay.gov.in-benefit-billing-subgroup-packagecode-S13\"> </a>  S13</td><td>https://mjpjay.gov.in/benefit-billing-subgroup-packagecode</td><td>Burns</td></tr><tr><td style=\"white-space:nowrap\"><a name=\"https---mjpjay.gov.in-benefit-billing-subgroup-packagecode-S14\"> </a>  S14</td><td>https://mjpjay.gov.in/benefit-billing-subgroup-packagecode</td><td>Poly Trauma</td></tr><tr><td style=\"white-space:nowrap\"><a name=\"https---mjpjay.gov.in-benefit-billing-subgroup-packagecode-S15\"> </a>  S15</td><td>https://mjpjay.gov.in/benefit-billing-subgroup-packagecode</td><td>Prostheses</td></tr><tr><td style=\"white-space:nowrap\"><a name=\"https---mjpjay.gov.in-benefit-billing-subgroup-packagecode-S20\"> </a>  S20</td><td>https://mjpjay.gov.in/benefit-billing-subgroup-packagecode</td><td>Oral &amp; Maxillofacial Surgery</td></tr><tr><td style=\"white-space:nowrap\"><a name=\"https---mjpjay.gov.in-benefit-billing-subgroup-packagecode-S21\"> </a>  S21</td><td>https://mjpjay.gov.in/benefit-billing-subgroup-packagecode</td><td>Pediatric Cancer</td></tr><tr><td style=\"white-space:nowrap\"><a name=\"https---mjpjay.gov.in-benefit-billing-subgroup-packagecode-S2\"> </a>  S2</td><td>https://mjpjay.gov.in/benefit-billing-subgroup-packagecode</td><td>ENT Surgery</td></tr><tr><td style=\"white-space:nowrap\"><a name=\"https---mjpjay.gov.in-benefit-billing-subgroup-packagecode-S3\"> </a>  S3</td><td>https://mjpjay.gov.in/benefit-billing-subgroup-packagecode</td><td>Ophthalmology Surgery</td></tr><tr><td style=\"white-space:nowrap\"><a name=\"https---mjpjay.gov.in-benefit-billing-subgroup-packagecode-S4\"> </a>  S4</td><td>https://mjpjay.gov.in/benefit-billing-subgroup-packagecode</td><td>Gynaecology And Obstetrics Surgery</td></tr><tr><td style=\"white-space:nowrap\"><a name=\"https---mjpjay.gov.in-benefit-billing-subgroup-packagecode-S5\"> </a>  S5</td><td>https://mjpjay.gov.in/benefit-billing-subgroup-packagecode</td><td>Orthopedic Surgery And Procedures</td></tr><tr><td style=\"white-space:nowrap\"><a name=\"https---mjpjay.gov.in-benefit-billing-subgroup-packagecode-S6\"> </a>  S6</td><td>https://mjpjay.gov.in/benefit-billing-subgroup-packagecode</td><td>Surgical Gastro Enterology</td></tr><tr><td style=\"white-space:nowrap\"><a name=\"https---mjpjay.gov.in-benefit-billing-subgroup-packagecode-S7\"> </a>  S7</td><td>https://mjpjay.gov.in/benefit-billing-subgroup-packagecode</td><td>Cardiac And Cardiothoracic Surgery</td></tr><tr><td style=\"white-space:nowrap\"><a name=\"https---mjpjay.gov.in-benefit-billing-subgroup-packagecode-S8\"> </a>  S8</td><td>https://mjpjay.gov.in/benefit-billing-subgroup-packagecode</td><td>Pediatric Surgery</td></tr><tr><td style=\"white-space:nowrap\"><a name=\"https---mjpjay.gov.in-benefit-billing-subgroup-packagecode-S9\"> </a>  S9</td><td>https://mjpjay.gov.in/benefit-billing-subgroup-packagecode</td><td>Genitourinary System</td></tr></table></div>"
  },
  "url": "https://ig.hcxprotocol.io/v0.7/ValueSet-billing-subgroup-categories.html",
  "version": "0.7.0",
  "name": "BillingSubgroupCategories",
  "status": "active",
  "date": "2022-08-01",
  "publisher": "HCX Open Community",
  "contact": [
    {
      "name": "HCX Open Community",
      "telecom": [
        {
          "system": "url",
          "value": "http://hcxprotocol.io/"
        }
      ]
    }
  ],
  "description": "This is the value set for the the billing subcategory codes which is the second level of nesting the billing items under the billing groups.",
  "expansion": {
    "timestamp": "2022-08-01T08:15:30+05:30",
    "contains": [
      {
        "system": "https://irdai.gov.in/benefit-billing-subgroup-code",
        "code": "101000",
        "display": "Room Charges"
      },
      {
        "system": "https://irdai.gov.in/benefit-billing-subgroup-code",
        "code": "102000",
        "display": "Nursing charges"
      },
      {
        "system": "https://irdai.gov.in/benefit-billing-subgroup-code",
        "code": "103000",
        "display": "Duty Doctor fee"
      },
      {
        "system": "https://irdai.gov.in/benefit-billing-subgroup-code",
        "code": "104000",
        "display": "Monitor charges"
      },
      {
        "system": "https://irdai.gov.in/benefit-billing-subgroup-code",
        "code": "201000",
        "display": "ICU Charges"
      },
      {
        "system": "https://irdai.gov.in/benefit-billing-subgroup-code",
        "code": "202000",
        "display": "ICU Nursing charges"
      },
      {
        "system": "https://irdai.gov.in/benefit-billing-subgroup-code",
        "code": "203000",
        "display": "Monitor charges"
      },
      {
        "system": "https://irdai.gov.in/benefit-billing-subgroup-code",
        "code": "204000",
        "display": "ICU Supplies & equipment"
      },
      {
        "system": "https://irdai.gov.in/benefit-billing-subgroup-code",
        "code": "301000",
        "display": "OT rent"
      },
      {
        "system": "https://irdai.gov.in/benefit-billing-subgroup-code",
        "code": "302000",
        "display": "OT Equipment charges"
      },
      {
        "system": "https://irdai.gov.in/benefit-billing-subgroup-code",
        "code": "303000",
        "display": "OT Drugs & Consumables"
      },
      {
        "system": "https://irdai.gov.in/benefit-billing-subgroup-code",
        "code": "304000",
        "display": "OT Sterilization"
      },
      {
        "system": "https://irdai.gov.in/benefit-billing-subgroup-code",
        "code": "401000",
        "display": "Medicine &\nConsumables charges"
      },
      {
        "system": "https://irdai.gov.in/benefit-billing-subgroup-code",
        "code": "501000",
        "display": "Visit charges"
      },
      {
        "system": "https://irdai.gov.in/benefit-billing-subgroup-code",
        "code": "502000",
        "display": "Surgery Charges"
      },
      {
        "system": "https://irdai.gov.in/benefit-billing-subgroup-code",
        "code": "503000",
        "display": "Anaesthetists fee"
      },
      {
        "system": "https://irdai.gov.in/benefit-billing-subgroup-code",
        "code": "504000",
        "display": "Intensivist Charges"
      },
      {
        "system": "https://irdai.gov.in/benefit-billing-subgroup-code",
        "code": "505000",
        "display": "Technician Charges"
      },
      {
        "system": "https://irdai.gov.in/benefit-billing-subgroup-code",
        "code": "506000",
        "display": "Physiotherapy"
      },
      {
        "system": "https://irdai.gov.in/benefit-billing-subgroup-code",
        "code": "507000",
        "display": "Procedure charges"
      },
      {
        "system": "https://irdai.gov.in/benefit-billing-subgroup-code",
        "code": "601000",
        "display": "Bio Chemistry"
      },
      {
        "system": "https://irdai.gov.in/benefit-billing-subgroup-code",
        "code": "602000",
        "display": "Cardiology charges"
      },
      {
        "system": "https://irdai.gov.in/benefit-billing-subgroup-code",
        "code": "603000",
        "display": "Haemotology charges"
      },
      {
        "system": "https://irdai.gov.in/benefit-billing-subgroup-code",
        "code": "604000",
        "display": "Microbiology charges"
      },
      {
        "system": "https://irdai.gov.in/benefit-billing-subgroup-code",
        "code": "605000",
        "display": "Neurology"
      },
      {
        "system": "https://irdai.gov.in/benefit-billing-subgroup-code",
        "code": "606000",
        "display": "Nuclear medicine"
      },
      {
        "system": "https://irdai.gov.in/benefit-billing-subgroup-code",
        "code": "607000",
        "display": "Pathology charges"
      },
      {
        "system": "https://irdai.gov.in/benefit-billing-subgroup-code",
        "code": "608000",
        "display": "Radiology services"
      },
      {
        "system": "https://irdai.gov.in/benefit-billing-subgroup-code",
        "code": "609000",
        "display": "Serology charges"
      },
      {
        "system": "https://irdai.gov.in/benefit-billing-subgroup-code",
        "code": "610000",
        "display": "Medical Genetics"
      },
      {
        "system": "https://irdai.gov.in/benefit-billing-subgroup-code",
        "code": "611000",
        "display": "Profiles"
      },
      {
        "system": "https://irdai.gov.in/benefit-billing-subgroup-code",
        "code": "701000",
        "display": "Ambulance Charges"
      },
      {
        "system": "https://irdai.gov.in/benefit-billing-subgroup-code",
        "code": "801000",
        "display": "Admission charges"
      },
      {
        "system": "https://irdai.gov.in/benefit-billing-subgroup-code",
        "code": "802000",
        "display": "Attendant food charges"
      },
      {
        "system": "https://irdai.gov.in/benefit-billing-subgroup-code",
        "code": "803000",
        "display": "Patient food charges"
      },
      {
        "system": "https://irdai.gov.in/benefit-billing-subgroup-code",
        "code": "804000",
        "display": "Registration charges"
      },
      {
        "system": "https://irdai.gov.in/benefit-billing-subgroup-code",
        "code": "805000",
        "display": "MRD Charges"
      },
      {
        "system": "https://irdai.gov.in/benefit-billing-subgroup-code",
        "code": "806000",
        "display": "Documentation charges"
      },
      {
        "system": "https://irdai.gov.in/benefit-billing-subgroup-code",
        "code": "807000",
        "display": "Telephone charges"
      },
      {
        "system": "https://irdai.gov.in/benefit-billing-subgroup-code",
        "code": "808000",
        "display": "Bio Medical Waste Charges"
      },
      {
        "system": "https://irdai.gov.in/benefit-billing-subgroup-code",
        "code": "809000",
        "display": "Taxes"
      },
      {
        "system": "https://irdai.gov.in/benefit-billing-subgroup-packagecode",
        "code": "901000",
        "display": "Cardiac Surgery"
      },
      {
        "system": "https://irdai.gov.in/benefit-billing-subgroup-packagecode",
        "code": "902000",
        "display": "CardiologyPackage s"
      },
      {
        "system": "https://irdai.gov.in/benefit-billing-subgroup-packagecode",
        "code": "903000",
        "display": "Cath Lab"
      },
      {
        "system": "https://irdai.gov.in/benefit-billing-subgroup-packagecode",
        "code": "904000",
        "display": "Dental Procedures"
      },
      {
        "system": "https://irdai.gov.in/benefit-billing-subgroup-packagecode",
        "code": "905000",
        "display": "ENT"
      },
      {
        "system": "https://irdai.gov.in/benefit-billing-subgroup-packagecode",
        "code": "906000",
        "display": "Gastroenterology"
      },
      {
        "system": "https://irdai.gov.in/benefit-billing-subgroup-packagecode",
        "code": "907000",
        "display": "General Surgery"
      },
      {
        "system": "https://irdai.gov.in/benefit-billing-subgroup-packagecode",
        "code": "908000",
        "display": "Gynaecology"
      },
      {
        "system": "https://irdai.gov.in/benefit-billing-subgroup-packagecode",
        "code": "909000",
        "display": "Nephrology"
      },
      {
        "system": "https://irdai.gov.in/benefit-billing-subgroup-packagecode",
        "code": "910000",
        "display": "Neuro Surgery"
      },
      {
        "system": "https://irdai.gov.in/benefit-billing-subgroup-packagecode",
        "code": "911000",
        "display": "Oncology Procedures"
      },
      {
        "system": "https://irdai.gov.in/benefit-billing-subgroup-packagecode",
        "code": "912000",
        "display": "Opthalmology\nprocedures"
      },
      {
        "system": "https://irdai.gov.in/benefit-billing-subgroup-packagecode",
        "code": "913000",
        "display": "Orthopaedic Surgery"
      },
      {
        "system": "https://irdai.gov.in/benefit-billing-subgroup-packagecode",
        "code": "914000",
        "display": "Plastic Surgery"
      },
      {
        "system": "https://irdai.gov.in/benefit-billing-subgroup-packagecode",
        "code": "915000",
        "display": "Pulmonology Packages"
      },
      {
        "system": "https://irdai.gov.in/benefit-billing-subgroup-packagecode",
        "code": "916000",
        "display": "Urology"
      },
      {
        "system": "https://irdai.gov.in/benefit-billing-subgroup-packagecode",
        "code": "917000",
        "display": "Vascular Surgery"
      },
      {
        "system": "https://pmjay.gov.in/benefit-billing-subgroup-packagecode",
        "code": "BM",
        "display": "Burns Management"
      },
      {
        "system": "https://pmjay.gov.in/benefit-billing-subgroup-packagecode",
        "code": "ER",
        "display": "Emergency"
      },
      {
        "system": "https://pmjay.gov.in/benefit-billing-subgroup-packagecode",
        "code": "ID",
        "display": "Infectious Diseases"
      },
      {
        "system": "https://pmjay.gov.in/benefit-billing-subgroup-packagecode",
        "code": "IN",
        "display": "Interventional Neuroradiology"
      },
      {
        "system": "https://pmjay.gov.in/benefit-billing-subgroup-packagecode",
        "code": "MC",
        "display": "Cardiology"
      },
      {
        "system": "https://pmjay.gov.in/benefit-billing-subgroup-packagecode",
        "code": "MG",
        "display": "General Medicine"
      },
      {
        "system": "https://pmjay.gov.in/benefit-billing-subgroup-packagecode",
        "code": "MM",
        "display": "Mental Disorders"
      },
      {
        "system": "https://pmjay.gov.in/benefit-billing-subgroup-packagecode",
        "code": "MN",
        "display": "Neo - natal Care"
      },
      {
        "system": "https://pmjay.gov.in/benefit-billing-subgroup-packagecode",
        "code": "MO",
        "display": "Medical Oncology"
      },
      {
        "system": "https://pmjay.gov.in/benefit-billing-subgroup-packagecode",
        "code": "MP",
        "display": "Pediatric Medical Management"
      },
      {
        "system": "https://pmjay.gov.in/benefit-billing-subgroup-packagecode",
        "code": "MR",
        "display": "Radiation Oncology"
      },
      {
        "system": "https://pmjay.gov.in/benefit-billing-subgroup-packagecode",
        "code": "OT",
        "display": "Organ and Tissue Transplant"
      },
      {
        "system": "https://pmjay.gov.in/benefit-billing-subgroup-packagecode",
        "code": "SB",
        "display": "Orthopedics"
      },
      {
        "system": "https://pmjay.gov.in/benefit-billing-subgroup-packagecode",
        "code": "SC",
        "display": "Surgical Oncology"
      },
      {
        "system": "https://pmjay.gov.in/benefit-billing-subgroup-packagecode",
        "code": "SE",
        "display": "Ophthalmology"
      },
      {
        "system": "https://pmjay.gov.in/benefit-billing-subgroup-packagecode",
        "code": "SG",
        "display": "General Surgery"
      },
      {
        "system": "https://pmjay.gov.in/benefit-billing-subgroup-packagecode",
        "code": "SL",
        "display": "ENT"
      },
      {
        "system": "https://pmjay.gov.in/benefit-billing-subgroup-packagecode",
        "code": "SM",
        "display": "Oral & Maxillofacial Surgery"
      },
      {
        "system": "https://pmjay.gov.in/benefit-billing-subgroup-packagecode",
        "code": "SN",
        "display": "Neurosurgery"
      },
      {
        "system": "https://pmjay.gov.in/benefit-billing-subgroup-packagecode",
        "code": "SO",
        "display": "Obstetrics & Gynecology"
      },
      {
        "system": "https://pmjay.gov.in/benefit-billing-subgroup-packagecode",
        "code": "SP",
        "display": "Plastic & Reconstructive Surgery"
      },
      {
        "system": "https://pmjay.gov.in/benefit-billing-subgroup-packagecode",
        "code": "SS",
        "display": "Pediatric Surgery"
      },
      {
        "system": "https://pmjay.gov.in/benefit-billing-subgroup-packagecode",
        "code": "ST",
        "display": "Polytrauma, Orthopedics, Neurosurgery, General Surgery"
      },
      {
        "system": "https://pmjay.gov.in/benefit-billing-subgroup-packagecode",
        "code": "SU",
        "display": "Urology"
      },
      {
        "system": "https://pmjay.gov.in/benefit-billing-subgroup-packagecode",
        "code": "SV",
        "display": "CTVS"
      },
      {
        "system": "https://pmjay.gov.in/benefit-billing-subgroup-packagecode",
        "code": "US",
        "display": "Unspecified Surgical Package"
      },
      {
        "system": "https://mjpjay.gov.in/benefit-billing-subgroup-packagecode",
        "code": "M1",
        "display": "Medical Oncology"
      },
      {
        "system": "https://mjpjay.gov.in/benefit-billing-subgroup-packagecode",
        "code": "M10",
        "display": "Pulmonology"
      },
      {
        "system": "https://mjpjay.gov.in/benefit-billing-subgroup-packagecode",
        "code": "M11",
        "display": "Dermatology"
      },
      {
        "system": "https://mjpjay.gov.in/benefit-billing-subgroup-packagecode",
        "code": "M12",
        "display": "Rheumatology"
      },
      {
        "system": "https://mjpjay.gov.in/benefit-billing-subgroup-packagecode",
        "code": "M13",
        "display": "Endocrinology"
      },
      {
        "system": "https://mjpjay.gov.in/benefit-billing-subgroup-packagecode",
        "code": "M14",
        "display": "Gastroenterology"
      },
      {
        "system": "https://mjpjay.gov.in/benefit-billing-subgroup-packagecode",
        "code": "M15",
        "display": "Interventional Radiology"
      },
      {
        "system": "https://mjpjay.gov.in/benefit-billing-subgroup-packagecode",
        "code": "M16",
        "display": "GENERAL MEDICINE"
      },
      {
        "system": "https://mjpjay.gov.in/benefit-billing-subgroup-packagecode",
        "code": "M17",
        "display": "Mental Disorders Packages"
      },
      {
        "system": "https://mjpjay.gov.in/benefit-billing-subgroup-packagecode",
        "code": "M18",
        "display": "Hematology"
      },
      {
        "system": "https://mjpjay.gov.in/benefit-billing-subgroup-packagecode",
        "code": "M2",
        "display": "Radiation Oncology"
      },
      {
        "system": "https://mjpjay.gov.in/benefit-billing-subgroup-packagecode",
        "code": "M3",
        "display": "Critical Care"
      },
      {
        "system": "https://mjpjay.gov.in/benefit-billing-subgroup-packagecode",
        "code": "M5",
        "display": "Infectious Diseases"
      },
      {
        "system": "https://mjpjay.gov.in/benefit-billing-subgroup-packagecode",
        "code": "M6",
        "display": "Pediatrics Medical Management"
      },
      {
        "system": "https://mjpjay.gov.in/benefit-billing-subgroup-packagecode",
        "code": "M7",
        "display": "Cardiology"
      },
      {
        "system": "https://mjpjay.gov.in/benefit-billing-subgroup-packagecode",
        "code": "M8",
        "display": "Nephrology"
      },
      {
        "system": "https://mjpjay.gov.in/benefit-billing-subgroup-packagecode",
        "code": "M9",
        "display": "Neurology"
      },
      {
        "system": "https://mjpjay.gov.in/benefit-billing-subgroup-packagecode",
        "code": "S10",
        "display": "Neurosurgery"
      },
      {
        "system": "https://mjpjay.gov.in/benefit-billing-subgroup-packagecode",
        "code": "S11",
        "display": "Surgical Oncology"
      },
      {
        "system": "https://mjpjay.gov.in/benefit-billing-subgroup-packagecode",
        "code": "S1",
        "display": "General Surgery"
      },
      {
        "system": "https://mjpjay.gov.in/benefit-billing-subgroup-packagecode",
        "code": "S12",
        "display": "Plastic Surgery"
      },
      {
        "system": "https://mjpjay.gov.in/benefit-billing-subgroup-packagecode",
        "code": "S13",
        "display": "Burns"
      },
      {
        "system": "https://mjpjay.gov.in/benefit-billing-subgroup-packagecode",
        "code": "S14",
        "display": "Poly Trauma"
      },
      {
        "system": "https://mjpjay.gov.in/benefit-billing-subgroup-packagecode",
        "code": "S15",
        "display": "Prostheses"
      },
      {
        "system": "https://mjpjay.gov.in/benefit-billing-subgroup-packagecode",
        "code": "S20",
        "display": "Oral & Maxillofacial Surgery"
      },
      {
        "system": "https://mjpjay.gov.in/benefit-billing-subgroup-packagecode",
        "code": "S21",
        "display": "Pediatric Cancer"
      },
      {
        "system": "https://mjpjay.gov.in/benefit-billing-subgroup-packagecode",
        "code": "S2",
        "display": "ENT Surgery"
      },
      {
        "system": "https://mjpjay.gov.in/benefit-billing-subgroup-packagecode",
        "code": "S3",
        "display": "Ophthalmology Surgery"
      },
      {
        "system": "https://mjpjay.gov.in/benefit-billing-subgroup-packagecode",
        "code": "S4",
        "display": "Gynaecology And Obstetrics Surgery"
      },
      {
        "system": "https://mjpjay.gov.in/benefit-billing-subgroup-packagecode",
        "code": "S5",
        "display": "Orthopedic Surgery And Procedures"
      },
      {
        "system": "https://mjpjay.gov.in/benefit-billing-subgroup-packagecode",
        "code": "S6",
        "display": "Surgical Gastro Enterology"
      },
      {
        "system": "https://mjpjay.gov.in/benefit-billing-subgroup-packagecode",
        "code": "S7",
        "display": "Cardiac And Cardiothoracic Surgery"
      },
      {
        "system": "https://mjpjay.gov.in/benefit-billing-subgroup-packagecode",
        "code": "S8",
        "display": "Pediatric Surgery"
      },
      {
        "system": "https://mjpjay.gov.in/benefit-billing-subgroup-packagecode",
        "code": "S9",
        "display": "Genitourinary System"
      }
    ]
  }
}