{
  "resourceType": "ValueSet",
  "id": "insurance-company-owners",
  "text": {
    "status": "generated",
    "div": "<div xmlns=\"http://www.w3.org/1999/xhtml\"><p>This value set contains 51 concepts</p><table class=\"codes\"><tr><td style=\"white-space:nowrap\"><b>Code</b></td><td><b>System</b></td><td><b>Display</b></td></tr><tr><td style=\"white-space:nowrap\"><a name=\"http---hcxprotocol.io-codes-insurance-company-owners-1\"> </a>  1</td><td>http://hcxprotocol.io/codes/insurance-company-owners</td><td>Bajaj Allianz General Insurance Co. Ltd.</td></tr><tr><td style=\"white-space:nowrap\"><a name=\"http---hcxprotocol.io-codes-insurance-company-owners-2\"> </a>  2</td><td>http://hcxprotocol.io/codes/insurance-company-owners</td><td>ICICI Lombard General Insurance Co. Ltd.</td></tr><tr><td style=\"white-space:nowrap\"><a name=\"http---hcxprotocol.io-codes-insurance-company-owners-3\"> </a>  3</td><td>http://hcxprotocol.io/codes/insurance-company-owners</td><td>IFFCO Tokio General Insurance Co. Ltd.</td></tr><tr><td style=\"white-space:nowrap\"><a name=\"http---hcxprotocol.io-codes-insurance-company-owners-4\"> </a>  4</td><td>http://hcxprotocol.io/codes/insurance-company-owners</td><td>National Insurance Co. Ltd.</td></tr><tr><td style=\"white-space:nowrap\"><a name=\"http---hcxprotocol.io-codes-insurance-company-owners-5\"> </a>  5</td><td>http://hcxprotocol.io/codes/insurance-company-owners</td><td>The New India Assurance Co. Ltd.</td></tr><tr><td style=\"white-space:nowrap\"><a name=\"http---hcxprotocol.io-codes-insurance-company-owners-6\"> </a>  6</td><td>http://hcxprotocol.io/codes/insurance-company-owners</td><td>The Oriental Insurance Co. Ltd.</td></tr><tr><td style=\"white-space:nowrap\"><a name=\"http---hcxprotocol.io-codes-insurance-company-owners-7\"> </a>  7</td><td>http://hcxprotocol.io/codes/insurance-company-owners</td><td>United India Insurance Co. Ltd.</td></tr><tr><td style=\"white-space:nowrap\"><a name=\"http---hcxprotocol.io-codes-insurance-company-owners-8\"> </a>  8</td><td>http://hcxprotocol.io/codes/insurance-company-owners</td><td>Reliance General Insurance Co. Ltd.</td></tr><tr><td style=\"white-space:nowrap\"><a name=\"http---hcxprotocol.io-codes-insurance-company-owners-9\"> </a>  9</td><td>http://hcxprotocol.io/codes/insurance-company-owners</td><td>Royal Sundaram Alliance Insurance Co. Ltd</td></tr><tr><td style=\"white-space:nowrap\"><a name=\"http---hcxprotocol.io-codes-insurance-company-owners-10\"> </a>  10</td><td>http://hcxprotocol.io/codes/insurance-company-owners</td><td>Tata AIG General Insurance Co. Ltd.</td></tr><tr><td style=\"white-space:nowrap\"><a name=\"http---hcxprotocol.io-codes-insurance-company-owners-11\"> </a>  11</td><td>http://hcxprotocol.io/codes/insurance-company-owners</td><td>Cholamandalam MS General Insurance Co. Ltd.</td></tr><tr><td style=\"white-space:nowrap\"><a name=\"http---hcxprotocol.io-codes-insurance-company-owners-12\"> </a>  12</td><td>http://hcxprotocol.io/codes/insurance-company-owners</td><td>HDFC ERGO General Insurance Co. Ltd.</td></tr><tr><td style=\"white-space:nowrap\"><a name=\"http---hcxprotocol.io-codes-insurance-company-owners-13\"> </a>  13</td><td>http://hcxprotocol.io/codes/insurance-company-owners</td><td>Export Credit Guarantee Corporation of India Ltd.</td></tr><tr><td style=\"white-space:nowrap\"><a name=\"http---hcxprotocol.io-codes-insurance-company-owners-14\"> </a>  14</td><td>http://hcxprotocol.io/codes/insurance-company-owners</td><td>Agriculture Insurance Co. of India Ltd.</td></tr><tr><td style=\"white-space:nowrap\"><a name=\"http---hcxprotocol.io-codes-insurance-company-owners-15\"> </a>  15</td><td>http://hcxprotocol.io/codes/insurance-company-owners</td><td>Star Health and Allied Insurance Company Limited</td></tr><tr><td style=\"white-space:nowrap\"><a name=\"http---hcxprotocol.io-codes-insurance-company-owners-16\"> </a>  16</td><td>http://hcxprotocol.io/codes/insurance-company-owners</td><td>Apollo Munich Health Insurance Company Limited</td></tr><tr><td style=\"white-space:nowrap\"><a name=\"http---hcxprotocol.io-codes-insurance-company-owners-17\"> </a>  17</td><td>http://hcxprotocol.io/codes/insurance-company-owners</td><td>Universal Sompo General Insurance Co. Ltd.</td></tr><tr><td style=\"white-space:nowrap\"><a name=\"http---hcxprotocol.io-codes-insurance-company-owners-18\"> </a>  18</td><td>http://hcxprotocol.io/codes/insurance-company-owners</td><td>Future Generali India Insurance Company Limited</td></tr><tr><td style=\"white-space:nowrap\"><a name=\"http---hcxprotocol.io-codes-insurance-company-owners-19\"> </a>  19</td><td>http://hcxprotocol.io/codes/insurance-company-owners</td><td>Shriram General Insurance Company Limited</td></tr><tr><td style=\"white-space:nowrap\"><a name=\"http---hcxprotocol.io-codes-insurance-company-owners-20\"> </a>  20</td><td>http://hcxprotocol.io/codes/insurance-company-owners</td><td>Bharti AXA General Insurance Company Limited</td></tr><tr><td style=\"white-space:nowrap\"><a name=\"http---hcxprotocol.io-codes-insurance-company-owners-21\"> </a>  21</td><td>http://hcxprotocol.io/codes/insurance-company-owners</td><td>Raheja QBE General Insurance Company Limited</td></tr><tr><td style=\"white-space:nowrap\"><a name=\"http---hcxprotocol.io-codes-insurance-company-owners-22\"> </a>  22</td><td>http://hcxprotocol.io/codes/insurance-company-owners</td><td>SBI General Insurance Company Limited</td></tr><tr><td style=\"white-space:nowrap\"><a name=\"http---hcxprotocol.io-codes-insurance-company-owners-23\"> </a>  23</td><td>http://hcxprotocol.io/codes/insurance-company-owners</td><td>Max Bupa Health Insurance Company Ltd.2nd Floor, Salcon Rasvilas,</td></tr><tr><td style=\"white-space:nowrap\"><a name=\"http---hcxprotocol.io-codes-insurance-company-owners-24\"> </a>  24</td><td>http://hcxprotocol.io/codes/insurance-company-owners</td><td>L&amp;T General Insurance Company Limited</td></tr><tr><td style=\"white-space:nowrap\"><a name=\"http---hcxprotocol.io-codes-insurance-company-owners-25\"> </a>  25</td><td>http://hcxprotocol.io/codes/insurance-company-owners</td><td>Religare Health Insurance Company Limited</td></tr><tr><td style=\"white-space:nowrap\"><a name=\"http---hcxprotocol.io-codes-insurance-company-owners-26\"> </a>  26</td><td>http://hcxprotocol.io/codes/insurance-company-owners</td><td>Magma HDI General Insurance Company Limited</td></tr><tr><td style=\"white-space:nowrap\"><a name=\"http---hcxprotocol.io-codes-insurance-company-owners-27\"> </a>  27</td><td>http://hcxprotocol.io/codes/insurance-company-owners</td><td>Liberty Videocon General Insurance Company Limited,</td></tr><tr><td style=\"white-space:nowrap\"><a name=\"http---hcxprotocol.io-codes-insurance-company-owners-28\"> </a>  28</td><td>http://hcxprotocol.io/codes/insurance-company-owners</td><td>Bajaj Allianz Life Insurance Company Limited</td></tr><tr><td style=\"white-space:nowrap\"><a name=\"http---hcxprotocol.io-codes-insurance-company-owners-29\"> </a>  29</td><td>http://hcxprotocol.io/codes/insurance-company-owners</td><td>Birla Sun Life Insurance Co. Ltd</td></tr><tr><td style=\"white-space:nowrap\"><a name=\"http---hcxprotocol.io-codes-insurance-company-owners-30\"> </a>  30</td><td>http://hcxprotocol.io/codes/insurance-company-owners</td><td>HDFC Standard Life Insurance Co. Ltd</td></tr><tr><td style=\"white-space:nowrap\"><a name=\"http---hcxprotocol.io-codes-insurance-company-owners-31\"> </a>  31</td><td>http://hcxprotocol.io/codes/insurance-company-owners</td><td>ICICI Prudential Life Insurance Co. Ltd</td></tr><tr><td style=\"white-space:nowrap\"><a name=\"http---hcxprotocol.io-codes-insurance-company-owners-32\"> </a>  32</td><td>http://hcxprotocol.io/codes/insurance-company-owners</td><td>ING Vysya Life Insurance Company Ltd.</td></tr><tr><td style=\"white-space:nowrap\"><a name=\"http---hcxprotocol.io-codes-insurance-company-owners-33\"> </a>  33</td><td>http://hcxprotocol.io/codes/insurance-company-owners</td><td>Life Insurance Corporation of India</td></tr><tr><td style=\"white-space:nowrap\"><a name=\"http---hcxprotocol.io-codes-insurance-company-owners-34\"> </a>  34</td><td>http://hcxprotocol.io/codes/insurance-company-owners</td><td>Max Life Insurance Co. Ltd</td></tr><tr><td style=\"white-space:nowrap\"><a name=\"http---hcxprotocol.io-codes-insurance-company-owners-35\"> </a>  35</td><td>http://hcxprotocol.io/codes/insurance-company-owners</td><td>PNB Metlife India Insurance Co. Ltd.</td></tr><tr><td style=\"white-space:nowrap\"><a name=\"http---hcxprotocol.io-codes-insurance-company-owners-36\"> </a>  36</td><td>http://hcxprotocol.io/codes/insurance-company-owners</td><td>Kotak Mahindra Old Mutual Life Insurance Limited</td></tr><tr><td style=\"white-space:nowrap\"><a name=\"http---hcxprotocol.io-codes-insurance-company-owners-37\"> </a>  37</td><td>http://hcxprotocol.io/codes/insurance-company-owners</td><td>SBI Life Insurance Co. Ltd</td></tr><tr><td style=\"white-space:nowrap\"><a name=\"http---hcxprotocol.io-codes-insurance-company-owners-38\"> </a>  38</td><td>http://hcxprotocol.io/codes/insurance-company-owners</td><td>Tata AIA Life Insurance Company Limited</td></tr><tr><td style=\"white-space:nowrap\"><a name=\"http---hcxprotocol.io-codes-insurance-company-owners-39\"> </a>  39</td><td>http://hcxprotocol.io/codes/insurance-company-owners</td><td>Reliance Life Insurance Company Limited.</td></tr><tr><td style=\"white-space:nowrap\"><a name=\"http---hcxprotocol.io-codes-insurance-company-owners-40\"> </a>  40</td><td>http://hcxprotocol.io/codes/insurance-company-owners</td><td>Aviva Life Insurance Company India Limited</td></tr><tr><td style=\"white-space:nowrap\"><a name=\"http---hcxprotocol.io-codes-insurance-company-owners-41\"> </a>  41</td><td>http://hcxprotocol.io/codes/insurance-company-owners</td><td>Sahara India Life Insurance Co, Ltd.</td></tr><tr><td style=\"white-space:nowrap\"><a name=\"http---hcxprotocol.io-codes-insurance-company-owners-42\"> </a>  42</td><td>http://hcxprotocol.io/codes/insurance-company-owners</td><td>Shriram Life Insurance Co, Ltd.</td></tr><tr><td style=\"white-space:nowrap\"><a name=\"http---hcxprotocol.io-codes-insurance-company-owners-43\"> </a>  43</td><td>http://hcxprotocol.io/codes/insurance-company-owners</td><td>Bharti AXA Life Insurance Company Ltd.</td></tr><tr><td style=\"white-space:nowrap\"><a name=\"http---hcxprotocol.io-codes-insurance-company-owners-44\"> </a>  44</td><td>http://hcxprotocol.io/codes/insurance-company-owners</td><td>Future Generali India Life Insurance Company Limited</td></tr><tr><td style=\"white-space:nowrap\"><a name=\"http---hcxprotocol.io-codes-insurance-company-owners-45\"> </a>  45</td><td>http://hcxprotocol.io/codes/insurance-company-owners</td><td>IDBI Federal Life Insurance Company Ltd</td></tr><tr><td style=\"white-space:nowrap\"><a name=\"http---hcxprotocol.io-codes-insurance-company-owners-46\"> </a>  46</td><td>http://hcxprotocol.io/codes/insurance-company-owners</td><td>Canara HSBC Oriental Bank of Commerce Life Insurance Company Ltd.</td></tr><tr><td style=\"white-space:nowrap\"><a name=\"http---hcxprotocol.io-codes-insurance-company-owners-47\"> </a>  47</td><td>http://hcxprotocol.io/codes/insurance-company-owners</td><td>AEGON Religare Life Insurance Company Limited.</td></tr><tr><td style=\"white-space:nowrap\"><a name=\"http---hcxprotocol.io-codes-insurance-company-owners-48\"> </a>  48</td><td>http://hcxprotocol.io/codes/insurance-company-owners</td><td>DLF Pramerica Life Insurance Co. Ltd.</td></tr><tr><td style=\"white-space:nowrap\"><a name=\"http---hcxprotocol.io-codes-insurance-company-owners-49\"> </a>  49</td><td>http://hcxprotocol.io/codes/insurance-company-owners</td><td>Star Union Dai-ichi Life Insurance Co.</td></tr><tr><td style=\"white-space:nowrap\"><a name=\"http---hcxprotocol.io-codes-insurance-company-owners-50\"> </a>  50</td><td>http://hcxprotocol.io/codes/insurance-company-owners</td><td>IndiaFirst Life Insurance Company Limited</td></tr><tr><td style=\"white-space:nowrap\"><a name=\"http---hcxprotocol.io-codes-insurance-company-owners-51\"> </a>  51</td><td>http://hcxprotocol.io/codes/insurance-company-owners</td><td>Edelweiss Tokio Life Insurance Co. Ltd.</td></tr></table></div>"
  },
  "url": "https://ig.hcxprotocol.io/v0.7/ValueSet-insurance-company-owners.html",
  "version": "0.7.0",
  "name": "InsuranceCompanyOwners",
  "status": "active",
  "date": "2021-09-07",
  "publisher": "HCX Open Community",
  "contact": [
    {
      "name": "HCX Open Community",
      "telecom": [
        {
          "system": "url",
          "value": "http://hcxprotocol.io/"
        }
      ]
    }
  ],
  "description": "This is the value set that includes the codes to identify the insurance company owners",
  "expansion": {
    "timestamp": "2021-09-07T08:15:30+05:30",
    "contains": [
      {
        "system": "http://hcxprotocol.io/codes/insurance-company-owners",
        "code": "1",
        "display": "Bajaj Allianz General Insurance Co. Ltd."
      },
      {
        "system": "http://hcxprotocol.io/codes/insurance-company-owners",
        "code": "2",
        "display": "ICICI Lombard General Insurance Co. Ltd."
      },
      {
        "system": "http://hcxprotocol.io/codes/insurance-company-owners",
        "code": "3",
        "display": "IFFCO Tokio General Insurance Co. Ltd."
      },
      {
        "system": "http://hcxprotocol.io/codes/insurance-company-owners",
        "code": "4",
        "display": "National Insurance Co. Ltd."
      },
      {
        "system": "http://hcxprotocol.io/codes/insurance-company-owners",
        "code": "5",
        "display": "The New India Assurance Co. Ltd."
      },
      {
        "system": "http://hcxprotocol.io/codes/insurance-company-owners",
        "code": "6",
        "display": "The Oriental Insurance Co. Ltd."
      },
      {
        "system": "http://hcxprotocol.io/codes/insurance-company-owners",
        "code": "7",
        "display": "United India Insurance Co. Ltd."
      },
      {
        "system": "http://hcxprotocol.io/codes/insurance-company-owners",
        "code": "8",
        "display": "Reliance General Insurance Co. Ltd."
      },
      {
        "system": "http://hcxprotocol.io/codes/insurance-company-owners",
        "code": "9",
        "display": "Royal Sundaram Alliance Insurance Co. Ltd"
      },
      {
        "system": "http://hcxprotocol.io/codes/insurance-company-owners",
        "code": "10",
        "display": "Tata AIG General Insurance Co. Ltd."
      },
      {
        "system": "http://hcxprotocol.io/codes/insurance-company-owners",
        "code": "11",
        "display": "Cholamandalam MS General Insurance Co. Ltd."
      },
      {
        "system": "http://hcxprotocol.io/codes/insurance-company-owners",
        "code": "12",
        "display": "HDFC ERGO General Insurance Co. Ltd."
      },
      {
        "system": "http://hcxprotocol.io/codes/insurance-company-owners",
        "code": "13",
        "display": "Export Credit Guarantee Corporation of India Ltd."
      },
      {
        "system": "http://hcxprotocol.io/codes/insurance-company-owners",
        "code": "14",
        "display": "Agriculture Insurance Co. of India Ltd."
      },
      {
        "system": "http://hcxprotocol.io/codes/insurance-company-owners",
        "code": "15",
        "display": "Star Health and Allied Insurance Company Limited"
      },
      {
        "system": "http://hcxprotocol.io/codes/insurance-company-owners",
        "code": "16",
        "display": "Apollo Munich Health Insurance Company Limited"
      },
      {
        "system": "http://hcxprotocol.io/codes/insurance-company-owners",
        "code": "17",
        "display": "Universal Sompo General Insurance Co. Ltd."
      },
      {
        "system": "http://hcxprotocol.io/codes/insurance-company-owners",
        "code": "18",
        "display": "Future Generali India Insurance Company Limited"
      },
      {
        "system": "http://hcxprotocol.io/codes/insurance-company-owners",
        "code": "19",
        "display": "Shriram General Insurance Company Limited"
      },
      {
        "system": "http://hcxprotocol.io/codes/insurance-company-owners",
        "code": "20",
        "display": "Bharti AXA General Insurance Company Limited"
      },
      {
        "system": "http://hcxprotocol.io/codes/insurance-company-owners",
        "code": "21",
        "display": "Raheja QBE General Insurance Company Limited"
      },
      {
        "system": "http://hcxprotocol.io/codes/insurance-company-owners",
        "code": "22",
        "display": "SBI General Insurance Company Limited"
      },
      {
        "system": "http://hcxprotocol.io/codes/insurance-company-owners",
        "code": "23",
        "display": "Max Bupa Health Insurance Company Ltd.2nd Floor, Salcon Rasvilas,"
      },
      {
        "system": "http://hcxprotocol.io/codes/insurance-company-owners",
        "code": "24",
        "display": "L&T General Insurance Company Limited"
      },
      {
        "system": "http://hcxprotocol.io/codes/insurance-company-owners",
        "code": "25",
        "display": "Religare Health Insurance Company Limited"
      },
      {
        "system": "http://hcxprotocol.io/codes/insurance-company-owners",
        "code": "26",
        "display": "Magma HDI General Insurance Company Limited"
      },
      {
        "system": "http://hcxprotocol.io/codes/insurance-company-owners",
        "code": "27",
        "display": "Liberty Videocon General Insurance Company Limited,"
      },
      {
        "system": "http://hcxprotocol.io/codes/insurance-company-owners",
        "code": "28",
        "display": "Bajaj Allianz Life Insurance Company Limited"
      },
      {
        "system": "http://hcxprotocol.io/codes/insurance-company-owners",
        "code": "29",
        "display": "Birla Sun Life Insurance Co. Ltd"
      },
      {
        "system": "http://hcxprotocol.io/codes/insurance-company-owners",
        "code": "30",
        "display": "HDFC Standard Life Insurance Co. Ltd"
      },
      {
        "system": "http://hcxprotocol.io/codes/insurance-company-owners",
        "code": "31",
        "display": "ICICI Prudential Life Insurance Co. Ltd"
      },
      {
        "system": "http://hcxprotocol.io/codes/insurance-company-owners",
        "code": "32",
        "display": "ING Vysya Life Insurance Company Ltd."
      },
      {
        "system": "http://hcxprotocol.io/codes/insurance-company-owners",
        "code": "33",
        "display": "Life Insurance Corporation of India"
      },
      {
        "system": "http://hcxprotocol.io/codes/insurance-company-owners",
        "code": "34",
        "display": "Max Life Insurance Co. Ltd"
      },
      {
        "system": "http://hcxprotocol.io/codes/insurance-company-owners",
        "code": "35",
        "display": "PNB Metlife India Insurance Co. Ltd."
      },
      {
        "system": "http://hcxprotocol.io/codes/insurance-company-owners",
        "code": "36",
        "display": "Kotak Mahindra Old Mutual Life Insurance Limited"
      },
      {
        "system": "http://hcxprotocol.io/codes/insurance-company-owners",
        "code": "37",
        "display": "SBI Life Insurance Co. Ltd"
      },
      {
        "system": "http://hcxprotocol.io/codes/insurance-company-owners",
        "code": "38",
        "display": "Tata AIA Life Insurance Company Limited"
      },
      {
        "system": "http://hcxprotocol.io/codes/insurance-company-owners",
        "code": "39",
        "display": "Reliance Life Insurance Company Limited."
      },
      {
        "system": "http://hcxprotocol.io/codes/insurance-company-owners",
        "code": "40",
        "display": "Aviva Life Insurance Company India Limited"
      },
      {
        "system": "http://hcxprotocol.io/codes/insurance-company-owners",
        "code": "41",
        "display": "Sahara India Life Insurance Co, Ltd."
      },
      {
        "system": "http://hcxprotocol.io/codes/insurance-company-owners",
        "code": "42",
        "display": "Shriram Life Insurance Co, Ltd."
      },
      {
        "system": "http://hcxprotocol.io/codes/insurance-company-owners",
        "code": "43",
        "display": "Bharti AXA Life Insurance Company Ltd."
      },
      {
        "system": "http://hcxprotocol.io/codes/insurance-company-owners",
        "code": "44",
        "display": "Future Generali India Life Insurance Company Limited"
      },
      {
        "system": "http://hcxprotocol.io/codes/insurance-company-owners",
        "code": "45",
        "display": "IDBI Federal Life Insurance Company Ltd"
      },
      {
        "system": "http://hcxprotocol.io/codes/insurance-company-owners",
        "code": "46",
        "display": "Canara HSBC Oriental Bank of Commerce Life Insurance Company Ltd."
      },
      {
        "system": "http://hcxprotocol.io/codes/insurance-company-owners",
        "code": "47",
        "display": "AEGON Religare Life Insurance Company Limited."
      },
      {
        "system": "http://hcxprotocol.io/codes/insurance-company-owners",
        "code": "48",
        "display": "DLF Pramerica Life Insurance Co. Ltd."
      },
      {
        "system": "http://hcxprotocol.io/codes/insurance-company-owners",
        "code": "49",
        "display": "Star Union Dai-ichi Life Insurance Co."
      },
      {
        "system": "http://hcxprotocol.io/codes/insurance-company-owners",
        "code": "50",
        "display": "IndiaFirst Life Insurance Company Limited"
      },
      {
        "system": "http://hcxprotocol.io/codes/insurance-company-owners",
        "code": "51",
        "display": "Edelweiss Tokio Life Insurance Co. Ltd."
      }
    ]
  }
}